datetime,Day-Ahead Price,PV Generation,Total Site Load,Grid Load
2017-12-28 00:00:00+00:00,40.16,0.0,5.92,5.92
2017-12-28 00:05:00+00:00,40.16,0.0,5.89,5.89
2017-12-28 00:10:00+00:00,40.16,0.0,5.87,5.87
2017-12-28 00:15:00+00:00,28.36,0.0,5.84,5.84
2017-12-28 00:20:00+00:00,28.36,0.0,5.81,5.81
2017-12-28 00:25:00+00:00,28.36,0.0,5.79,5.79
2017-12-28 00:30:00+00:00,26.59,0.0,5.76,5.76
2017-12-28 00:35:00+00:00,26.59,0.0,5.74,5.74
2017-12-28 00:40:00+00:00,26.59,0.0,5.72,5.72
2017-12-28 00:45:00+00:00,24.88,0.0,5.69,5.69
2017-12-28 00:50:00+00:00,24.88,0.0,5.73,5.73
2017-12-28 00:55:00+00:00,24.88,0.0,5.76,5.76
2017-12-28 01:00:00+00:00,30.9,0.0,5.79,5.79
2017-12-28 01:05:00+00:00,30.9,0.0,5.78,5.78
2017-12-28 01:10:00+00:00,30.9,0.0,5.77,5.77
2017-12-28 01:15:00+00:00,27.02,0.0,5.76,5.76
2017-12-28 01:20:00+00:00,27.02,0.0,5.74,5.74
2017-12-28 01:25:00+00:00,27.02,0.0,5.73,5.73
2017-12-28 01:30:00+00:00,27.47,0.0,5.71,5.71
2017-12-28 01:35:00+00:00,27.47,0.0,5.69,5.69
2017-12-28 01:40:00+00:00,27.47,0.0,5.68,5.68
2017-12-28 01:45:00+00:00,26.58,0.0,5.66,5.66
2017-12-28 01:50:00+00:00,26.58,0.0,5.64,5.64
2017-12-28 01:55:00+00:00,26.58,0.0,5.61,5.61
2017-12-28 02:00:00+00:00,26.09,0.0,5.59,5.59
2017-12-28 02:05:00+00:00,26.09,0.0,5.6,5.6
2017-12-28 02:10:00+00:00,26.09,0.0,5.61,5.61
2017-12-28 02:15:00+00:00,25.42,0.0,5.62,5.62
2017-12-28 02:20:00+00:00,25.42,0.0,5.61,5.61
2017-12-28 02:25:00+00:00,25.42,0.0,5.61,5.61
2017-12-28 02:30:00+00:00,27.42,0.0,5.6,5.6
2017-12-28 02:35:00+00:00,27.42,0.0,5.58,5.58
2017-12-28 02:40:00+00:00,27.42,0.0,5.56,5.56
2017-12-28 02:45:00+00:00,27.49,0.0,5.54,5.54
2017-12-28 02:50:00+00:00,27.49,0.0,5.55,5.55
2017-12-28 02:55:00+00:00,27.49,0.0,5.56,5.56
2017-12-28 03:00:00+00:00,24.06,0.0,5.57,5.57
2017-12-28 03:05:00+00:00,24.06,0.0,5.57,5.57
2017-12-28 03:10:00+00:00,24.06,0.0,5.57,5.57
2017-12-28 03:15:00+00:00,26.14,0.0,5.57,5.57
2017-12-28 03:20:00+00:00,26.14,0.0,5.59,5.59
2017-12-28 03:25:00+00:00,26.14,0.0,5.6,5.6
2017-12-28 03:30:00+00:00,25.9,0.0,5.62,5.62
2017-12-28 03:35:00+00:00,25.9,0.0,5.64,5.64
2017-12-28 03:40:00+00:00,25.9,0.0,5.67,5.67
2017-12-28 03:45:00+00:00,28.14,0.0,5.69,5.69
2017-12-28 03:50:00+00:00,28.14,0.0,5.74,5.74
2017-12-28 03:55:00+00:00,28.14,0.0,5.8,5.8
2017-12-28 04:00:00+00:00,19.45,0.0,5.85,5.85
2017-12-28 04:05:00+00:00,19.45,0.0,5.89,5.89
2017-12-28 04:10:00+00:00,19.45,0.0,5.92,5.92
2017-12-28 04:15:00+00:00,25.0,0.0,5.96,5.96
2017-12-28 04:20:00+00:00,25.0,0.0,6.0,6.0
2017-12-28 04:25:00+00:00,25.0,0.0,6.05,6.05
2017-12-28 04:30:00+00:00,30.8,0.0,6.09,6.09
2017-12-28 04:35:00+00:00,30.8,0.0,6.14,6.14
2017-12-28 04:40:00+00:00,30.8,0.0,6.19,6.19
2017-12-28 04:45:00+00:00,38.72,0.0,6.24,6.24
2017-12-28 04:50:00+00:00,38.72,0.0,6.31,6.31
2017-12-28 04:55:00+00:00,38.72,0.0,6.38,6.38
2017-12-28 05:00:00+00:00,18.97,0.0,6.45,6.45
2017-12-28 05:05:00+00:00,18.97,0.0,6.53,6.53
2017-12-28 05:10:00+00:00,18.97,0.0,6.61,6.61
2017-12-28 05:15:00+00:00,33.67,0.0,6.68,6.68
2017-12-28 05:20:00+00:00,33.67,0.0,6.73,6.73
2017-12-28 05:25:00+00:00,33.67,0.0,6.77,6.77
2017-12-28 05:30:00+00:00,42.0,0.0,6.81,6.81
2017-12-28 05:35:00+00:00,42.0,0.0,6.85,6.85
2017-12-28 05:40:00+00:00,42.0,0.0,6.89,6.89
2017-12-28 05:45:00+00:00,45.0,0.0,6.93,6.93
2017-12-28 05:50:00+00:00,45.0,0.11,7.06,6.95
2017-12-28 05:55:00+00:00,45.0,0.22,7.18,6.96
2017-12-28 06:00:00+00:00,26.93,0.33,7.31,6.98
2017-12-28 06:05:00+00:00,26.93,0.33,7.37,7.04
2017-12-28 06:10:00+00:00,26.93,0.33,7.43,7.09
2017-12-28 06:15:00+00:00,40.55,0.33,7.48,7.15
2017-12-28 06:20:00+00:00,40.55,0.33,7.53,7.2
2017-12-28 06:25:00+00:00,40.55,0.33,7.58,7.24
2017-12-28 06:30:00+00:00,44.25,0.33,7.62,7.29
2017-12-28 06:35:00+00:00,44.25,0.34,7.65,7.31
2017-12-28 06:40:00+00:00,44.25,0.34,7.68,7.34
2017-12-28 06:45:00+00:00,53.0,0.34,7.7,7.37
2017-12-28 06:50:00+00:00,53.0,0.38,7.74,7.37
2017-12-28 06:55:00+00:00,53.0,0.42,7.79,7.37
2017-12-28 07:00:00+00:00,40.7,0.46,7.83,7.37
2017-12-28 07:05:00+00:00,40.7,0.51,7.86,7.36
2017-12-28 07:10:00+00:00,40.7,0.55,7.89,7.34
2017-12-28 07:15:00+00:00,42.76,0.6,7.93,7.33
2017-12-28 07:20:00+00:00,42.76,0.64,7.96,7.32
2017-12-28 07:25:00+00:00,42.76,0.69,8.0,7.3
2017-12-28 07:30:00+00:00,43.16,0.74,8.03,7.29
2017-12-28 07:35:00+00:00,43.16,0.8,8.06,7.26
2017-12-28 07:40:00+00:00,43.16,0.85,8.09,7.24
2017-12-28 07:45:00+00:00,45.0,0.91,8.12,7.21
2017-12-28 07:50:00+00:00,45.0,1.05,8.16,7.11
2017-12-28 07:55:00+00:00,45.0,1.19,8.21,7.02
2017-12-28 08:00:00+00:00,45.37,1.33,8.25,6.92
2017-12-28 08:05:00+00:00,45.37,1.48,8.28,6.8
2017-12-28 08:10:00+00:00,45.37,1.63,8.3,6.68
2017-12-28 08:15:00+00:00,43.81,1.77,8.33,6.56
2017-12-28 08:20:00+00:00,43.81,1.93,8.34,6.41
2017-12-28 08:25:00+00:00,43.81,2.09,8.35,6.26
2017-12-28 08:30:00+00:00,42.87,2.24,8.36,6.12
2017-12-28 08:35:00+00:00,42.87,2.4,8.37,5.96
2017-12-28 08:40:00+00:00,42.87,2.56,8.37,5.81
2017-12-28 08:45:00+00:00,41.05,2.72,8.38,5.66
2017-12-28 08:50:00+00:00,41.05,2.86,8.38,5.52
2017-12-28 08:55:00+00:00,41.05,3.0,8.38,5.38
2017-12-28 09:00:00+00:00,42.88,3.14,8.38,5.24
2017-12-28 09:05:00+00:00,42.88,3.28,8.39,5.12
2017-12-28 09:10:00+00:00,42.88,3.42,8.41,4.99
2017-12-28 09:15:00+00:00,42.06,3.55,8.42,4.87
2017-12-28 09:20:00+00:00,42.06,3.69,8.43,4.75
2017-12-28 09:25:00+00:00,42.06,3.82,8.45,4.63
2017-12-28 09:30:00+00:00,43.86,3.95,8.46,4.51
2017-12-28 09:35:00+00:00,43.86,4.08,8.45,4.37
2017-12-28 09:40:00+00:00,43.86,4.21,8.45,4.24
2017-12-28 09:45:00+00:00,42.16,4.34,8.44,4.1
2017-12-28 09:50:00+00:00,42.16,4.43,8.45,4.02
2017-12-28 09:55:00+00:00,42.16,4.52,8.46,3.94
2017-12-28 10:00:00+00:00,41.38,4.62,8.47,3.85
2017-12-28 10:05:00+00:00,41.38,4.7,8.48,3.78
2017-12-28 10:10:00+00:00,41.38,4.79,8.5,3.7
2017-12-28 10:15:00+00:00,42.83,4.88,8.51,3.63
2017-12-28 10:20:00+00:00,42.83,4.97,8.53,3.56
2017-12-28 10:25:00+00:00,42.83,5.05,8.55,3.5
2017-12-28 10:30:00+00:00,42.82,5.13,8.57,3.43
2017-12-28 10:35:00+00:00,42.82,5.22,8.56,3.34
2017-12-28 10:40:00+00:00,42.82,5.3,8.54,3.25
2017-12-28 10:45:00+00:00,40.97,5.38,8.53,3.15
2017-12-28 10:50:00+00:00,40.97,5.43,8.55,3.12
2017-12-28 10:55:00+00:00,40.97,5.48,8.58,3.1
2017-12-28 11:00:00+00:00,41.46,5.53,8.6,3.07
2017-12-28 11:05:00+00:00,41.46,5.58,8.57,2.99
2017-12-28 11:10:00+00:00,41.46,5.62,8.54,2.91
2017-12-28 11:15:00+00:00,40.45,5.67,8.51,2.84
2017-12-28 11:20:00+00:00,40.45,5.71,8.47,2.76
2017-12-28 11:25:00+00:00,40.45,5.75,8.43,2.68
2017-12-28 11:30:00+00:00,41.13,5.79,8.4,2.6
2017-12-28 11:35:00+00:00,41.13,5.84,8.38,2.55
2017-12-28 11:40:00+00:00,41.13,5.88,8.37,2.49
2017-12-28 11:45:00+00:00,40.3,5.92,8.36,2.43
2017-12-28 11:50:00+00:00,40.3,5.87,8.38,2.51
2017-12-28 11:55:00+00:00,40.3,5.81,8.4,2.59
2017-12-28 12:00:00+00:00,40.87,5.75,8.43,2.67
2017-12-28 12:05:00+00:00,40.87,5.7,8.42,2.72
2017-12-28 12:10:00+00:00,40.87,5.64,8.41,2.78
2017-12-28 12:15:00+00:00,35.64,5.58,8.41,2.83
2017-12-28 12:20:00+00:00,35.64,5.52,8.4,2.88
2017-12-28 12:25:00+00:00,35.64,5.46,8.38,2.92
2017-12-28 12:30:00+00:00,40.98,5.4,8.37,2.97
2017-12-28 12:35:00+00:00,40.98,5.34,8.35,3.01
2017-12-28 12:40:00+00:00,40.98,5.28,8.33,3.05
2017-12-28 12:45:00+00:00,38.49,5.22,8.31,3.09
2017-12-28 12:50:00+00:00,38.49,5.06,8.3,3.24
2017-12-28 12:55:00+00:00,38.49,4.9,8.3,3.4
2017-12-28 13:00:00+00:00,34.53,4.74,8.29,3.56
2017-12-28 13:05:00+00:00,34.53,4.58,8.28,3.7
2017-12-28 13:10:00+00:00,34.53,4.42,8.26,3.84
2017-12-28 13:15:00+00:00,31.17,4.26,8.24,3.99
2017-12-28 13:20:00+00:00,31.17,4.1,8.24,4.14
2017-12-28 13:25:00+00:00,31.17,3.94,8.23,4.3
2017-12-28 13:30:00+00:00,36.2,3.78,8.23,4.45
2017-12-28 13:35:00+00:00,36.2,3.61,8.23,4.62
2017-12-28 13:40:00+00:00,36.2,3.44,8.24,4.8
2017-12-28 13:45:00+00:00,40.7,3.28,8.25,4.97
2017-12-28 13:50:00+00:00,40.7,3.1,8.25,5.16
2017-12-28 13:55:00+00:00,40.7,2.91,8.26,5.35
2017-12-28 14:00:00+00:00,34.46,2.73,8.27,5.54
2017-12-28 14:05:00+00:00,34.46,2.55,8.27,5.71
2017-12-28 14:10:00+00:00,34.46,2.37,8.26,5.89
2017-12-28 14:15:00+00:00,33.07,2.19,8.26,6.07
2017-12-28 14:20:00+00:00,33.07,2.02,8.27,6.25
2017-12-28 14:25:00+00:00,33.07,1.84,8.28,6.43
2017-12-28 14:30:00+00:00,38.1,1.67,8.29,6.62
2017-12-28 14:35:00+00:00,38.1,1.5,8.3,6.8
2017-12-28 14:40:00+00:00,38.1,1.34,8.31,6.97
2017-12-28 14:45:00+00:00,40.26,1.17,8.33,7.15
2017-12-28 14:50:00+00:00,40.26,1.1,8.35,7.26
2017-12-28 14:55:00+00:00,40.26,1.02,8.38,7.36
2017-12-28 15:00:00+00:00,30.0,0.95,8.41,7.46
2017-12-28 15:05:00+00:00,30.0,0.88,8.44,7.56
2017-12-28 15:10:00+00:00,30.0,0.81,8.47,7.66
2017-12-28 15:15:00+00:00,35.0,0.74,8.5,7.77
2017-12-28 15:20:00+00:00,35.0,0.67,8.53,7.86
2017-12-28 15:25:00+00:00,35.0,0.6,8.56,7.96
2017-12-28 15:30:00+00:00,40.72,0.53,8.59,8.06
2017-12-28 15:35:00+00:00,40.72,0.47,8.61,8.15
2017-12-28 15:40:00+00:00,40.72,0.4,8.63,8.23
2017-12-28 15:45:00+00:00,57.0,0.33,8.66,8.32
2017-12-28 15:50:00+00:00,57.0,0.33,8.68,8.35
2017-12-28 15:55:00+00:00,57.0,0.33,8.71,8.38
2017-12-28 16:00:00+00:00,40.01,0.33,8.74,8.41
2017-12-28 16:05:00+00:00,40.01,0.33,8.76,8.43
2017-12-28 16:10:00+00:00,40.01,0.33,8.78,8.45
2017-12-28 16:15:00+00:00,41.43,0.33,8.81,8.47
2017-12-28 16:20:00+00:00,41.43,0.33,8.8,8.47
2017-12-28 16:25:00+00:00,41.43,0.33,8.79,8.46
2017-12-28 16:30:00+00:00,42.11,0.33,8.78,8.45
2017-12-28 16:35:00+00:00,42.11,0.33,8.79,8.46
2017-12-28 16:40:00+00:00,42.11,0.33,8.8,8.47
2017-12-28 16:45:00+00:00,42.4,0.33,8.81,8.48
2017-12-28 16:50:00+00:00,42.4,0.33,8.81,8.48
2017-12-28 16:55:00+00:00,42.4,0.33,8.81,8.48
2017-12-28 17:00:00+00:00,43.17,0.33,8.81,8.48
2017-12-28 17:05:00+00:00,43.17,0.33,8.79,8.46
2017-12-28 17:10:00+00:00,43.17,0.33,8.76,8.43
2017-12-28 17:15:00+00:00,42.2,0.33,8.74,8.41
2017-12-28 17:20:00+00:00,42.2,0.33,8.71,8.38
2017-12-28 17:25:00+00:00,42.2,0.33,8.68,8.35
2017-12-28 17:30:00+00:00,41.73,0.33,8.66,8.33
2017-12-28 17:35:00+00:00,41.73,0.33,8.63,8.3
2017-12-28 17:40:00+00:00,41.73,0.33,8.61,8.28
2017-12-28 17:45:00+00:00,33.91,0.33,8.58,8.25
2017-12-28 17:50:00+00:00,33.91,0.22,8.5,8.28
2017-12-28 17:55:00+00:00,33.91,0.11,8.41,8.3
2017-12-28 18:00:00+00:00,43.7,0.0,8.33,8.33
2017-12-28 18:05:00+00:00,43.7,0.0,8.3,8.3
2017-12-28 18:10:00+00:00,43.7,0.0,8.27,8.27
2017-12-28 18:15:00+00:00,41.24,0.0,8.24,8.24
2017-12-28 18:20:00+00:00,41.24,0.0,8.22,8.22
2017-12-28 18:25:00+00:00,41.24,0.0,8.19,8.19
2017-12-28 18:30:00+00:00,30.99,0.0,8.17,8.17
2017-12-28 18:35:00+00:00,30.99,0.0,8.14,8.14
2017-12-28 18:40:00+00:00,30.99,0.0,8.11,8.11
2017-12-28 18:45:00+00:00,25.76,0.0,8.09,8.09
2017-12-28 18:50:00+00:00,25.76,0.0,8.03,8.03
2017-12-28 18:55:00+00:00,25.76,0.0,7.98,7.98
2017-12-28 19:00:00+00:00,48.9,0.0,7.93,7.93
2017-12-28 19:05:00+00:00,48.9,0.0,7.87,7.87
2017-12-28 19:10:00+00:00,48.9,0.0,7.8,7.8
2017-12-28 19:15:00+00:00,32.6,0.0,7.74,7.74
2017-12-28 19:20:00+00:00,32.6,0.0,7.72,7.72
2017-12-28 19:25:00+00:00,32.6,0.0,7.7,7.7
2017-12-28 19:30:00+00:00,25.94,0.0,7.67,7.67
2017-12-28 19:35:00+00:00,25.94,0.0,7.62,7.62
2017-12-28 19:40:00+00:00,25.94,0.0,7.57,7.57
2017-12-28 19:45:00+00:00,16.22,0.0,7.53,7.53
2017-12-28 19:50:00+00:00,16.22,0.0,7.47,7.47
2017-12-28 19:55:00+00:00,16.22,0.0,7.42,7.42
2017-12-28 20:00:00+00:00,33.21,0.0,7.37,7.37
2017-12-28 20:05:00+00:00,33.21,0.0,7.32,7.32
2017-12-28 20:10:00+00:00,33.21,0.0,7.28,7.28
2017-12-28 20:15:00+00:00,27.83,0.0,7.24,7.24
2017-12-28 20:20:00+00:00,27.83,0.0,7.21,7.21
2017-12-28 20:25:00+00:00,27.83,0.0,7.17,7.17
2017-12-28 20:30:00+00:00,25.48,0.0,7.13,7.13
2017-12-28 20:35:00+00:00,25.48,0.0,7.12,7.12
2017-12-28 20:40:00+00:00,25.48,0.0,7.1,7.1
2017-12-28 20:45:00+00:00,19.48,0.0,7.09,7.09
2017-12-28 20:50:00+00:00,19.48,0.0,7.16,7.16
2017-12-28 20:55:00+00:00,19.48,0.0,7.22,7.22
2017-12-28 21:00:00+00:00,41.74,0.0,7.29,7.29
2017-12-28 21:05:00+00:00,41.74,0.0,7.27,7.27
2017-12-28 21:10:00+00:00,41.74,0.0,7.25,7.25
2017-12-28 21:15:00+00:00,30.05,0.0,7.24,7.24
2017-12-28 21:20:00+00:00,30.05,0.0,7.18,7.18
2017-12-28 21:25:00+00:00,30.05,0.0,7.12,7.12
2017-12-28 21:30:00+00:00,22.94,0.0,7.06,7.06
2017-12-28 21:35:00+00:00,22.94,0.0,7.05,7.05
2017-12-28 21:40:00+00:00,22.94,0.0,7.04,7.04
2017-12-28 21:45:00+00:00,10.15,0.0,7.03,7.03
2017-12-28 21:50:00+00:00,10.15,0.0,6.98,6.98
2017-12-28 21:55:00+00:00,10.15,0.0,6.92,6.92
2017-12-28 22:00:00+00:00,36.59,0.0,6.86,6.86
2017-12-28 22:05:00+00:00,36.59,0.0,6.82,6.82
2017-12-28 22:10:00+00:00,36.59,0.0,6.78,6.78
2017-12-28 22:15:00+00:00,24.6,0.0,6.74,6.74
2017-12-28 22:20:00+00:00,24.6,0.0,6.68,6.68
2017-12-28 22:25:00+00:00,24.6,0.0,6.63,6.63
2017-12-28 22:30:00+00:00,12.13,0.0,6.58,6.58
2017-12-28 22:35:00+00:00,12.13,0.0,6.55,6.55
2017-12-28 22:40:00+00:00,12.13,0.0,6.52,6.52
2017-12-28 22:45:00+00:00,-9.25,0.0,6.48,6.48
2017-12-28 22:50:00+00:00,-9.25,0.0,6.47,6.47
2017-12-28 22:55:00+00:00,-9.25,0.0,6.46,6.46
2017-12-28 23:00:00+00:00,17.3,0.0,6.45,6.45
2017-12-28 23:05:00+00:00,17.3,0.0,6.41,6.41
2017-12-28 23:10:00+00:00,17.3,0.0,6.37,6.37
2017-12-28 23:15:00+00:00,9.58,0.0,6.33,6.33
2017-12-28 23:20:00+00:00,9.58,0.0,6.29,6.29
2017-12-28 23:25:00+00:00,9.58,0.0,6.25,6.25
2017-12-28 23:30:00+00:00,6.0,0.0,6.21,6.21
2017-12-28 23:35:00+00:00,6.0,0.0,6.18,6.18
2017-12-28 23:40:00+00:00,6.0,0.0,6.15,6.15
2017-12-28 23:45:00+00:00,-4.08,0.0,6.12,6.12
2017-12-28 23:50:00+00:00,-4.08,0.0,6.12,6.12
2017-12-28 23:55:00+00:00,-4.08,0.0,6.12,6.12
2017-12-29 00:00:00+00:00,12.33,0.0,6.12,6.12
2017-12-29 00:05:00+00:00,12.33,0.0,6.09,6.09
2017-12-29 00:10:00+00:00,12.33,0.0,6.07,6.07
2017-12-29 00:15:00+00:00,7.26,0.0,6.04,6.04
2017-12-29 00:20:00+00:00,7.26,0.0,6.03,6.03
2017-12-29 00:25:00+00:00,7.26,0.0,6.02,6.02
2017-12-29 00:30:00+00:00,4.0,0.0,6.01,6.01
2017-12-29 00:35:00+00:00,4.0,0.0,6.0,6.0
2017-12-29 00:40:00+00:00,4.0,0.0,5.98,5.98
2017-12-29 00:45:00+00:00,-4.02,0.0,5.97,5.97
2017-12-29 00:50:00+00:00,-4.02,0.0,5.97,5.97
2017-12-29 00:55:00+00:00,-4.02,0.0,5.98,5.98
2017-12-29 01:00:00+00:00,9.6,0.0,5.98,5.98
2017-12-29 01:05:00+00:00,9.6,0.0,5.95,5.95
2017-12-29 01:10:00+00:00,9.6,0.0,5.91,5.91
2017-12-29 01:15:00+00:00,1.81,0.0,5.88,5.88
2017-12-29 01:20:00+00:00,1.81,0.0,5.88,5.88
2017-12-29 01:25:00+00:00,1.81,0.0,5.87,5.87
2017-12-29 01:30:00+00:00,4.02,0.0,5.87,5.87
2017-12-29 01:35:00+00:00,4.02,0.0,5.86,5.86
2017-12-29 01:40:00+00:00,4.02,0.0,5.85,5.85
2017-12-29 01:45:00+00:00,-1.18,0.0,5.84,5.84
2017-12-29 01:50:00+00:00,-1.18,0.0,5.82,5.82
2017-12-29 01:55:00+00:00,-1.18,0.0,5.8,5.8
2017-12-29 02:00:00+00:00,5.63,0.0,5.78,5.78
2017-12-29 02:05:00+00:00,5.63,0.0,5.79,5.79
2017-12-29 02:10:00+00:00,5.63,0.0,5.8,5.8
2017-12-29 02:15:00+00:00,2.0,0.0,5.81,5.81
2017-12-29 02:20:00+00:00,2.0,0.0,5.8,5.8
2017-12-29 02:25:00+00:00,2.0,0.0,5.79,5.79
2017-12-29 02:30:00+00:00,2.0,0.0,5.78,5.78
2017-12-29 02:35:00+00:00,2.0,0.0,5.78,5.78
2017-12-29 02:40:00+00:00,2.0,0.0,5.78,5.78
2017-12-29 02:45:00+00:00,3.3,0.0,5.79,5.79
2017-12-29 02:50:00+00:00,3.3,0.0,5.8,5.8
2017-12-29 02:55:00+00:00,3.3,0.0,5.81,5.81
2017-12-29 03:00:00+00:00,-3.51,0.0,5.83,5.83
2017-12-29 03:05:00+00:00,-3.51,0.0,5.83,5.83
2017-12-29 03:10:00+00:00,-3.51,0.0,5.82,5.82
2017-12-29 03:15:00+00:00,1.65,0.0,5.82,5.82
2017-12-29 03:20:00+00:00,1.65,0.0,5.84,5.84
2017-12-29 03:25:00+00:00,1.65,0.0,5.86,5.86
2017-12-29 03:30:00+00:00,5.7,0.0,5.89,5.89
2017-12-29 03:35:00+00:00,5.7,0.0,5.91,5.91
2017-12-29 03:40:00+00:00,5.7,0.0,5.93,5.93
2017-12-29 03:45:00+00:00,11.5,0.0,5.95,5.95
2017-12-29 03:50:00+00:00,11.5,0.0,6.03,6.03
2017-12-29 03:55:00+00:00,11.5,0.0,6.1,6.1
2017-12-29 04:00:00+00:00,-0.67,0.0,6.17,6.17
2017-12-29 04:05:00+00:00,-0.67,0.0,6.2,6.2
2017-12-29 04:10:00+00:00,-0.67,0.0,6.24,6.24
2017-12-29 04:15:00+00:00,7.9,0.0,6.27,6.27
2017-12-29 04:20:00+00:00,7.9,0.0,6.32,6.32
2017-12-29 04:25:00+00:00,7.9,0.0,6.37,6.37
2017-12-29 04:30:00+00:00,11.2,0.0,6.42,6.42
2017-12-29 04:35:00+00:00,11.2,0.0,6.46,6.46
2017-12-29 04:40:00+00:00,11.2,0.0,6.49,6.49
2017-12-29 04:45:00+00:00,18.1,0.0,6.53,6.53
2017-12-29 04:50:00+00:00,18.1,0.0,6.57,6.57
2017-12-29 04:55:00+00:00,18.1,0.0,6.61,6.61
2017-12-29 05:00:00+00:00,-1.2,0.0,6.65,6.65
2017-12-29 05:05:00+00:00,-1.2,0.0,6.7,6.7
2017-12-29 05:10:00+00:00,-1.2,0.0,6.74,6.74
2017-12-29 05:15:00+00:00,13.74,0.0,6.79,6.79
2017-12-29 05:20:00+00:00,13.74,0.0,6.86,6.86
2017-12-29 05:25:00+00:00,13.74,0.0,6.93,6.93
2017-12-29 05:30:00+00:00,17.45,0.0,7.01,7.01
2017-12-29 05:35:00+00:00,17.45,0.0,7.08,7.08
2017-12-29 05:40:00+00:00,17.45,0.0,7.16,7.16
2017-12-29 05:45:00+00:00,31.29,0.0,7.23,7.23
2017-12-29 05:50:00+00:00,31.29,0.11,7.35,7.24
2017-12-29 05:55:00+00:00,31.29,0.22,7.47,7.25
2017-12-29 06:00:00+00:00,14.95,0.33,7.58,7.25
2017-12-29 06:05:00+00:00,14.95,0.33,7.61,7.28
2017-12-29 06:10:00+00:00,14.95,0.33,7.64,7.31
2017-12-29 06:15:00+00:00,27.5,0.33,7.68,7.34
2017-12-29 06:20:00+00:00,27.5,0.33,7.73,7.4
2017-12-29 06:25:00+00:00,27.5,0.33,7.78,7.45
2017-12-29 06:30:00+00:00,26.4,0.33,7.84,7.5
2017-12-29 06:35:00+00:00,26.4,0.34,7.86,7.52
2017-12-29 06:40:00+00:00,26.4,0.34,7.87,7.54
2017-12-29 06:45:00+00:00,35.37,0.34,7.89,7.55
2017-12-29 06:50:00+00:00,35.37,0.39,7.93,7.54
2017-12-29 06:55:00+00:00,35.37,0.44,7.97,7.53
2017-12-29 07:00:00+00:00,26.74,0.49,8.01,7.51
2017-12-29 07:05:00+00:00,26.74,0.55,8.03,7.48
2017-12-29 07:10:00+00:00,26.74,0.61,8.04,7.44
2017-12-29 07:15:00+00:00,34.3,0.66,8.06,7.4
2017-12-29 07:20:00+00:00,34.3,0.73,8.08,7.36
2017-12-29 07:25:00+00:00,34.3,0.79,8.1,7.31
2017-12-29 07:30:00+00:00,30.47,0.85,8.12,7.27
2017-12-29 07:35:00+00:00,30.47,0.91,8.15,7.24
2017-12-29 07:40:00+00:00,30.47,0.97,8.19,7.22
2017-12-29 07:45:00+00:00,32.43,1.04,8.23,7.19
2017-12-29 07:50:00+00:00,32.43,1.2,8.26,7.05
2017-12-29 07:55:00+00:00,32.43,1.37,8.29,6.92
2017-12-29 08:00:00+00:00,35.41,1.54,8.32,6.78
2017-12-29 08:05:00+00:00,35.41,1.71,8.32,6.61
2017-12-29 08:10:00+00:00,35.41,1.88,8.33,6.45
2017-12-29 08:15:00+00:00,35.16,2.05,8.34,6.29
2017-12-29 08:20:00+00:00,35.16,2.23,8.36,6.13
2017-12-29 08:25:00+00:00,35.16,2.41,8.38,5.97
2017-12-29 08:30:00+00:00,31.92,2.59,8.4,5.8
2017-12-29 08:35:00+00:00,31.92,2.77,8.39,5.62
2017-12-29 08:40:00+00:00,31.92,2.94,8.38,5.44
2017-12-29 08:45:00+00:00,26.4,3.12,8.37,5.25
2017-12-29 08:50:00+00:00,26.4,3.3,8.38,5.09
2017-12-29 08:55:00+00:00,26.4,3.47,8.39,4.92
2017-12-29 09:00:00+00:00,35.5,3.65,8.4,4.75
2017-12-29 09:05:00+00:00,35.5,3.83,8.4,4.58
2017-12-29 09:10:00+00:00,35.5,4.01,8.41,4.4
2017-12-29 09:15:00+00:00,31.5,4.19,8.42,4.23
2017-12-29 09:20:00+00:00,31.5,4.36,8.42,4.05
2017-12-29 09:25:00+00:00,31.5,4.54,8.41,3.88
2017-12-29 09:30:00+00:00,30.99,4.71,8.41,3.7
2017-12-29 09:35:00+00:00,30.99,4.88,8.41,3.54
2017-12-29 09:40:00+00:00,30.99,5.05,8.42,3.37
2017-12-29 09:45:00+00:00,28.0,5.22,8.42,3.2
2017-12-29 09:50:00+00:00,28.0,5.35,8.41,3.07
2017-12-29 09:55:00+00:00,28.0,5.47,8.4,2.93
2017-12-29 10:00:00+00:00,31.92,5.6,8.4,2.8
2017-12-29 10:05:00+00:00,31.92,5.72,8.41,2.68
2017-12-29 10:10:00+00:00,31.92,5.84,8.42,2.57
2017-12-29 10:15:00+00:00,32.2,5.97,8.43,2.46
2017-12-29 10:20:00+00:00,32.2,6.08,8.41,2.32
2017-12-29 10:25:00+00:00,32.2,6.2,8.39,2.18
2017-12-29 10:30:00+00:00,28.87,6.32,8.37,2.05
2017-12-29 10:35:00+00:00,28.87,6.44,8.34,1.9
2017-12-29 10:40:00+00:00,28.87,6.55,8.31,1.76
2017-12-29 10:45:00+00:00,27.21,6.67,8.29,1.62
2017-12-29 10:50:00+00:00,27.21,6.7,8.31,1.61
2017-12-29 10:55:00+00:00,27.21,6.74,8.33,1.59
2017-12-29 11:00:00+00:00,30.12,6.78,8.35,1.58
2017-12-29 11:05:00+00:00,30.12,6.81,8.32,1.51
2017-12-29 11:10:00+00:00,30.12,6.84,8.28,1.44
2017-12-29 11:15:00+00:00,28.25,6.86,8.24,1.38
2017-12-29 11:20:00+00:00,28.25,6.89,8.2,1.31
2017-12-29 11:25:00+00:00,28.25,6.91,8.15,1.24
2017-12-29 11:30:00+00:00,29.55,6.94,8.11,1.17
2017-12-29 11:35:00+00:00,29.55,6.96,8.08,1.12
2017-12-29 11:40:00+00:00,29.55,6.98,8.04,1.06
2017-12-29 11:45:00+00:00,28.5,7.0,8.01,1.01
2017-12-29 11:50:00+00:00,28.5,6.92,8.0,1.09
2017-12-29 11:55:00+00:00,28.5,6.83,8.0,1.17
2017-12-29 12:00:00+00:00,25.38,6.74,7.99,1.25
2017-12-29 12:05:00+00:00,25.38,6.65,7.98,1.33
2017-12-29 12:10:00+00:00,25.38,6.56,7.98,1.41
2017-12-29 12:15:00+00:00,28.22,6.47,7.97,1.5
2017-12-29 12:20:00+00:00,28.22,6.38,7.96,1.58
2017-12-29 12:25:00+00:00,28.22,6.29,7.95,1.66
2017-12-29 12:30:00+00:00,28.94,6.2,7.94,1.75
2017-12-29 12:35:00+00:00,28.94,6.1,7.92,1.82
2017-12-29 12:40:00+00:00,28.94,6.0,7.9,1.89
2017-12-29 12:45:00+00:00,30.06,5.91,7.87,1.97
2017-12-29 12:50:00+00:00,30.06,5.73,7.87,2.14
2017-12-29 12:55:00+00:00,30.06,5.55,7.87,2.32
2017-12-29 13:00:00+00:00,24.0,5.37,7.87,2.5
2017-12-29 13:05:00+00:00,24.0,5.2,7.86,2.66
2017-12-29 13:10:00+00:00,24.0,5.02,7.84,2.82
2017-12-29 13:15:00+00:00,28.34,4.85,7.83,2.98
2017-12-29 13:20:00+00:00,28.34,4.68,7.83,3.15
2017-12-29 13:25:00+00:00,28.34,4.5,7.83,3.33
2017-12-29 13:30:00+00:00,33.47,4.33,7.83,3.5
2017-12-29 13:35:00+00:00,33.47,4.15,7.83,3.68
2017-12-29 13:40:00+00:00,33.47,3.97,7.83,3.86
2017-12-29 13:45:00+00:00,39.0,3.8,7.84,4.04
2017-12-29 13:50:00+00:00,39.0,3.58,7.83,4.24
2017-12-29 13:55:00+00:00,39.0,3.37,7.82,4.45
2017-12-29 14:00:00+00:00,29.29,3.16,7.81,4.65
2017-12-29 14:05:00+00:00,29.29,2.96,7.82,4.86
2017-12-29 14:10:00+00:00,29.29,2.75,7.82,5.08
2017-12-29 14:15:00+00:00,34.56,2.54,7.83,5.29
2017-12-29 14:20:00+00:00,34.56,2.34,7.85,5.51
2017-12-29 14:25:00+00:00,34.56,2.13,7.86,5.73
2017-12-29 14:30:00+00:00,34.88,1.93,7.88,5.95
2017-12-29 14:35:00+00:00,34.88,1.74,7.9,6.17
2017-12-29 14:40:00+00:00,34.88,1.54,7.93,6.39
2017-12-29 14:45:00+00:00,39.66,1.35,7.96,6.61
2017-12-29 14:50:00+00:00,39.66,1.26,8.01,6.75
2017-12-29 14:55:00+00:00,39.66,1.17,8.06,6.89
2017-12-29 15:00:00+00:00,34.14,1.09,8.11,7.03
2017-12-29 15:05:00+00:00,34.14,1.0,8.16,7.15
2017-12-29 15:10:00+00:00,34.14,0.92,8.2,7.28
2017-12-29 15:15:00+00:00,35.13,0.83,8.24,7.41
2017-12-29 15:20:00+00:00,35.13,0.75,8.33,7.58
2017-12-29 15:25:00+00:00,35.13,0.67,8.42,7.75
2017-12-29 15:30:00+00:00,38.98,0.59,8.5,7.92
2017-12-29 15:35:00+00:00,38.98,0.5,8.55,8.05
2017-12-29 15:40:00+00:00,38.98,0.42,8.6,8.19
2017-12-29 15:45:00+00:00,47.6,0.33,8.65,8.32
2017-12-29 15:50:00+00:00,47.6,0.33,8.69,8.36
2017-12-29 15:55:00+00:00,47.6,0.33,8.73,8.4
2017-12-29 16:00:00+00:00,38.16,0.33,8.77,8.44
2017-12-29 16:05:00+00:00,38.16,0.33,8.8,8.47
2017-12-29 16:10:00+00:00,38.16,0.33,8.83,8.5
2017-12-29 16:15:00+00:00,42.4,0.33,8.86,8.53
2017-12-29 16:20:00+00:00,42.4,0.33,8.88,8.55
2017-12-29 16:25:00+00:00,42.4,0.33,8.9,8.57
2017-12-29 16:30:00+00:00,43.61,0.33,8.91,8.58
2017-12-29 16:35:00+00:00,43.61,0.33,8.91,8.58
2017-12-29 16:40:00+00:00,43.61,0.33,8.91,8.58
2017-12-29 16:45:00+00:00,37.99,0.33,8.91,8.58
2017-12-29 16:50:00+00:00,37.99,0.33,8.91,8.58
2017-12-29 16:55:00+00:00,37.99,0.33,8.91,8.58
2017-12-29 17:00:00+00:00,44.96,0.33,8.9,8.57
2017-12-29 17:05:00+00:00,44.96,0.33,8.88,8.55
2017-12-29 17:10:00+00:00,44.96,0.33,8.85,8.52
2017-12-29 17:15:00+00:00,39.7,0.33,8.83,8.5
2017-12-29 17:20:00+00:00,39.7,0.33,8.81,8.48
2017-12-29 17:25:00+00:00,39.7,0.33,8.79,8.46
2017-12-29 17:30:00+00:00,37.92,0.33,8.77,8.44
2017-12-29 17:35:00+00:00,37.92,0.33,8.74,8.41
2017-12-29 17:40:00+00:00,37.92,0.33,8.7,8.37
2017-12-29 17:45:00+00:00,30.2,0.33,8.67,8.34
2017-12-29 17:50:00+00:00,30.2,0.22,8.59,8.36
2017-12-29 17:55:00+00:00,30.2,0.11,8.5,8.39
2017-12-29 18:00:00+00:00,44.37,0.0,8.42,8.42
2017-12-29 18:05:00+00:00,44.37,0.0,8.37,8.37
2017-12-29 18:10:00+00:00,44.37,0.0,8.33,8.33
2017-12-29 18:15:00+00:00,34.97,0.0,8.29,8.29
2017-12-29 18:20:00+00:00,34.97,0.0,8.25,8.25
2017-12-29 18:25:00+00:00,34.97,0.0,8.22,8.22
2017-12-29 18:30:00+00:00,30.52,0.0,8.19,8.19
2017-12-29 18:35:00+00:00,30.52,0.0,8.13,8.13
2017-12-29 18:40:00+00:00,30.52,0.0,8.08,8.08
2017-12-29 18:45:00+00:00,26.6,0.0,8.03,8.03
2017-12-29 18:50:00+00:00,26.6,0.0,7.99,7.99
2017-12-29 18:55:00+00:00,26.6,0.0,7.95,7.95
2017-12-29 19:00:00+00:00,43.41,0.0,7.91,7.91
2017-12-29 19:05:00+00:00,43.41,0.0,7.87,7.87
2017-12-29 19:10:00+00:00,43.41,0.0,7.83,7.83
2017-12-29 19:15:00+00:00,31.6,0.0,7.78,7.78
2017-12-29 19:20:00+00:00,31.6,0.0,7.74,7.74
2017-12-29 19:25:00+00:00,31.6,0.0,7.71,7.71
2017-12-29 19:30:00+00:00,26.68,0.0,7.67,7.67
2017-12-29 19:35:00+00:00,26.68,0.0,7.62,7.62
2017-12-29 19:40:00+00:00,26.68,0.0,7.57,7.57
2017-12-29 19:45:00+00:00,20.61,0.0,7.52,7.52
2017-12-29 19:50:00+00:00,20.61,0.0,7.48,7.48
2017-12-29 19:55:00+00:00,20.61,0.0,7.43,7.43
2017-12-29 20:00:00+00:00,34.27,0.0,7.39,7.39
2017-12-29 20:05:00+00:00,34.27,0.0,7.36,7.36
2017-12-29 20:10:00+00:00,34.27,0.0,7.33,7.33
2017-12-29 20:15:00+00:00,29.62,0.0,7.3,7.3
2017-12-29 20:20:00+00:00,29.62,0.0,7.25,7.25
2017-12-29 20:25:00+00:00,29.62,0.0,7.2,7.2
2017-12-29 20:30:00+00:00,28.39,0.0,7.16,7.16
2017-12-29 20:35:00+00:00,28.39,0.0,7.13,7.13
2017-12-29 20:40:00+00:00,28.39,0.0,7.11,7.11
2017-12-29 20:45:00+00:00,22.9,0.0,7.08,7.08
2017-12-29 20:50:00+00:00,22.9,0.0,7.18,7.18
2017-12-29 20:55:00+00:00,22.9,0.0,7.28,7.28
2017-12-29 21:00:00+00:00,37.77,0.0,7.38,7.38
2017-12-29 21:05:00+00:00,37.77,0.0,7.34,7.34
2017-12-29 21:10:00+00:00,37.77,0.0,7.31,7.31
2017-12-29 21:15:00+00:00,35.29,0.0,7.28,7.28
2017-12-29 21:20:00+00:00,35.29,0.0,7.24,7.24
2017-12-29 21:25:00+00:00,35.29,0.0,7.2,7.2
2017-12-29 21:30:00+00:00,23.7,0.0,7.16,7.16
2017-12-29 21:35:00+00:00,23.7,0.0,7.14,7.14
2017-12-29 21:40:00+00:00,23.7,0.0,7.12,7.12
2017-12-29 21:45:00+00:00,17.68,0.0,7.09,7.09
2017-12-29 21:50:00+00:00,17.68,0.0,7.04,7.04
2017-12-29 21:55:00+00:00,17.68,0.0,6.99,6.99
2017-12-29 22:00:00+00:00,29.7,0.0,6.94,6.94
2017-12-29 22:05:00+00:00,29.7,0.0,6.9,6.9
2017-12-29 22:10:00+00:00,29.7,0.0,6.85,6.85
2017-12-29 22:15:00+00:00,21.17,0.0,6.81,6.81
2017-12-29 22:20:00+00:00,21.17,0.0,6.77,6.77
2017-12-29 22:25:00+00:00,21.17,0.0,6.72,6.72
2017-12-29 22:30:00+00:00,15.96,0.0,6.68,6.68
2017-12-29 22:35:00+00:00,15.96,0.0,6.65,6.65
2017-12-29 22:40:00+00:00,15.96,0.0,6.61,6.61
2017-12-29 22:45:00+00:00,12.6,0.0,6.58,6.58
2017-12-29 22:50:00+00:00,12.6,0.0,6.57,6.57
2017-12-29 22:55:00+00:00,12.6,0.0,6.57,6.57
2017-12-29 23:00:00+00:00,26.0,0.0,6.57,6.57
2017-12-29 23:05:00+00:00,26.0,0.0,6.54,6.54
2017-12-29 23:10:00+00:00,26.0,0.0,6.51,6.51
2017-12-29 23:15:00+00:00,22.0,0.0,6.49,6.49
2017-12-29 23:20:00+00:00,22.0,0.0,6.46,6.46
2017-12-29 23:25:00+00:00,22.0,0.0,6.44,6.44
2017-12-29 23:30:00+00:00,14.76,0.0,6.42,6.42
2017-12-29 23:35:00+00:00,14.76,0.0,6.4,6.4
2017-12-29 23:40:00+00:00,14.76,0.0,6.38,6.38
2017-12-29 23:45:00+00:00,-0.75,0.0,6.36,6.36
2017-12-29 23:50:00+00:00,-0.75,0.0,6.36,6.36
2017-12-29 23:55:00+00:00,-0.75,0.0,6.36,6.36
2017-12-30 00:00:00+00:00,26.0,0.0,6.36,6.36
2017-12-30 00:05:00+00:00,26.0,0.0,6.34,6.34
2017-12-30 00:10:00+00:00,26.0,0.0,6.33,6.33
2017-12-30 00:15:00+00:00,14.2,0.0,6.31,6.31
2017-12-30 00:20:00+00:00,14.2,0.0,6.27,6.27
2017-12-30 00:25:00+00:00,14.2,0.0,6.23,6.23
2017-12-30 00:30:00+00:00,5.6,0.0,6.19,6.19
2017-12-30 00:35:00+00:00,5.6,0.0,6.17,6.17
2017-12-30 00:40:00+00:00,5.6,0.0,6.14,6.14
2017-12-30 00:45:00+00:00,-3.0,0.0,6.11,6.11
2017-12-30 00:50:00+00:00,-3.0,0.0,6.12,6.12
2017-12-30 00:55:00+00:00,-3.0,0.0,6.13,6.13
2017-12-30 01:00:00+00:00,17.35,0.0,6.14,6.14
2017-12-30 01:05:00+00:00,17.35,0.0,6.1,6.1
2017-12-30 01:10:00+00:00,17.35,0.0,6.06,6.06
2017-12-30 01:15:00+00:00,6.9,0.0,6.02,6.02
2017-12-30 01:20:00+00:00,6.9,0.0,5.99,5.99
2017-12-30 01:25:00+00:00,6.9,0.0,5.96,5.96
2017-12-30 01:30:00+00:00,7.35,0.0,5.93,5.93
2017-12-30 01:35:00+00:00,7.35,0.0,5.91,5.91
2017-12-30 01:40:00+00:00,7.35,0.0,5.88,5.88
2017-12-30 01:45:00+00:00,1.19,0.0,5.86,5.86
2017-12-30 01:50:00+00:00,1.19,0.0,5.85,5.85
2017-12-30 01:55:00+00:00,1.19,0.0,5.84,5.84
2017-12-30 02:00:00+00:00,13.27,0.0,5.82,5.82
2017-12-30 02:05:00+00:00,13.27,0.0,5.81,5.81
2017-12-30 02:10:00+00:00,13.27,0.0,5.79,5.79
2017-12-30 02:15:00+00:00,7.35,0.0,5.77,5.77
2017-12-30 02:20:00+00:00,7.35,0.0,5.75,5.75
2017-12-30 02:25:00+00:00,7.35,0.0,5.74,5.74
2017-12-30 02:30:00+00:00,4.9,0.0,5.73,5.73
2017-12-30 02:35:00+00:00,4.9,0.0,5.72,5.72
2017-12-30 02:40:00+00:00,4.9,0.0,5.72,5.72
2017-12-30 02:45:00+00:00,7.27,0.0,5.71,5.71
2017-12-30 02:50:00+00:00,7.27,0.0,5.72,5.72
2017-12-30 02:55:00+00:00,7.27,0.0,5.73,5.73
2017-12-30 03:00:00+00:00,5.44,0.0,5.74,5.74
2017-12-30 03:05:00+00:00,5.44,0.0,5.75,5.75
2017-12-30 03:10:00+00:00,5.44,0.0,5.76,5.76
2017-12-30 03:15:00+00:00,6.9,0.0,5.77,5.77
2017-12-30 03:20:00+00:00,6.9,0.0,5.78,5.78
2017-12-30 03:25:00+00:00,6.9,0.0,5.78,5.78
2017-12-30 03:30:00+00:00,10.07,0.0,5.78,5.78
2017-12-30 03:35:00+00:00,10.07,0.0,5.8,5.8
2017-12-30 03:40:00+00:00,10.07,0.0,5.81,5.81
2017-12-30 03:45:00+00:00,15.19,0.0,5.83,5.83
2017-12-30 03:50:00+00:00,15.19,0.0,5.88,5.88
2017-12-30 03:55:00+00:00,15.19,0.0,5.92,5.92
2017-12-30 04:00:00+00:00,4.09,0.0,5.97,5.97
2017-12-30 04:05:00+00:00,4.09,0.0,5.99,5.99
2017-12-30 04:10:00+00:00,4.09,0.0,6.01,6.01
2017-12-30 04:15:00+00:00,7.77,0.0,6.03,6.03
2017-12-30 04:20:00+00:00,7.77,0.0,6.05,6.05
2017-12-30 04:25:00+00:00,7.77,0.0,6.08,6.08
2017-12-30 04:30:00+00:00,13.4,0.0,6.1,6.1
2017-12-30 04:35:00+00:00,13.4,0.0,6.12,6.12
2017-12-30 04:40:00+00:00,13.4,0.0,6.14,6.14
2017-12-30 04:45:00+00:00,15.95,0.0,6.17,6.17
2017-12-30 04:50:00+00:00,15.95,0.0,6.18,6.18
2017-12-30 04:55:00+00:00,15.95,0.0,6.2,6.2
2017-12-30 05:00:00+00:00,-3.51,0.0,6.21,6.21
2017-12-30 05:05:00+00:00,-3.51,0.0,6.24,6.24
2017-12-30 05:10:00+00:00,-3.51,0.0,6.27,6.27
2017-12-30 05:15:00+00:00,4.13,0.0,6.3,6.3
2017-12-30 05:20:00+00:00,4.13,0.0,6.34,6.34
2017-12-30 05:25:00+00:00,4.13,0.0,6.38,6.38
2017-12-30 05:30:00+00:00,12.6,0.0,6.42,6.42
2017-12-30 05:35:00+00:00,12.6,0.0,6.47,6.47
2017-12-30 05:40:00+00:00,12.6,0.0,6.52,6.52
2017-12-30 05:45:00+00:00,22.0,0.0,6.56,6.56
2017-12-30 05:50:00+00:00,22.0,0.11,6.68,6.57
2017-12-30 05:55:00+00:00,22.0,0.22,6.79,6.57
2017-12-30 06:00:00+00:00,-6.51,0.33,6.9,6.57
2017-12-30 06:05:00+00:00,-6.51,0.33,6.95,6.62
2017-12-30 06:10:00+00:00,-6.51,0.33,7.0,6.67
2017-12-30 06:15:00+00:00,5.58,0.33,7.05,6.72
2017-12-30 06:20:00+00:00,5.58,0.33,7.11,6.77
2017-12-30 06:25:00+00:00,5.58,0.33,7.16,6.83
2017-12-30 06:30:00+00:00,18.36,0.33,7.21,6.88
2017-12-30 06:35:00+00:00,18.36,0.34,7.22,6.89
2017-12-30 06:40:00+00:00,18.36,0.34,7.23,6.9
2017-12-30 06:45:00+00:00,26.54,0.34,7.24,6.91
2017-12-30 06:50:00+00:00,26.54,0.39,7.28,6.89
2017-12-30 06:55:00+00:00,26.54,0.43,7.31,6.88
2017-12-30 07:00:00+00:00,5.99,0.48,7.34,6.86
2017-12-30 07:05:00+00:00,5.99,0.53,7.37,6.83
2017-12-30 07:10:00+00:00,5.99,0.59,7.39,6.81
2017-12-30 07:15:00+00:00,15.65,0.64,7.42,6.78
2017-12-30 07:20:00+00:00,15.65,0.7,7.47,6.77
2017-12-30 07:25:00+00:00,15.65,0.75,7.51,6.76
2017-12-30 07:30:00+00:00,21.47,0.81,7.56,6.75
2017-12-30 07:35:00+00:00,21.47,0.86,7.59,6.72
2017-12-30 07:40:00+00:00,21.47,0.92,7.62,6.69
2017-12-30 07:45:00+00:00,26.83,0.98,7.64,6.67
2017-12-30 07:50:00+00:00,26.83,1.14,7.69,6.55
2017-12-30 07:55:00+00:00,26.83,1.31,7.74,6.43
2017-12-30 08:00:00+00:00,20.6,1.47,7.78,6.31
2017-12-30 08:05:00+00:00,20.6,1.63,7.8,6.17
2017-12-30 08:10:00+00:00,20.6,1.8,7.82,6.02
2017-12-30 08:15:00+00:00,22.0,1.97,7.84,5.88
2017-12-30 08:20:00+00:00,22.0,2.14,7.85,5.71
2017-12-30 08:25:00+00:00,22.0,2.31,7.86,5.54
2017-12-30 08:30:00+00:00,26.06,2.49,7.87,5.38
2017-12-30 08:35:00+00:00,26.06,2.66,7.87,5.21
2017-12-30 08:40:00+00:00,26.06,2.83,7.88,5.05
2017-12-30 08:45:00+00:00,24.2,3.0,7.88,4.88
2017-12-30 08:50:00+00:00,24.2,3.16,7.89,4.72
2017-12-30 08:55:00+00:00,24.2,3.32,7.89,4.57
2017-12-30 09:00:00+00:00,28.11,3.49,7.9,4.41
2017-12-30 09:05:00+00:00,28.11,3.65,7.91,4.26
2017-12-30 09:10:00+00:00,28.11,3.82,7.93,4.11
2017-12-30 09:15:00+00:00,28.98,3.98,7.94,3.96
2017-12-30 09:20:00+00:00,28.98,4.14,7.95,3.81
2017-12-30 09:25:00+00:00,28.98,4.3,7.95,3.65
2017-12-30 09:30:00+00:00,24.4,4.46,7.95,3.49
2017-12-30 09:35:00+00:00,24.4,4.61,7.96,3.35
2017-12-30 09:40:00+00:00,24.4,4.77,7.98,3.2
2017-12-30 09:45:00+00:00,24.5,4.93,7.99,3.06
2017-12-30 09:50:00+00:00,24.5,5.05,7.99,2.93
2017-12-30 09:55:00+00:00,24.5,5.17,7.98,2.81
2017-12-30 10:00:00+00:00,28.47,5.29,7.98,2.69
2017-12-30 10:05:00+00:00,28.47,5.41,7.99,2.58
2017-12-30 10:10:00+00:00,28.47,5.52,8.0,2.48
2017-12-30 10:15:00+00:00,31.8,5.64,8.01,2.37
2017-12-30 10:20:00+00:00,31.8,5.75,8.01,2.27
2017-12-30 10:25:00+00:00,31.8,5.86,8.01,2.16
2017-12-30 10:30:00+00:00,27.25,5.97,8.02,2.05
2017-12-30 10:35:00+00:00,27.25,6.08,8.0,1.92
2017-12-30 10:40:00+00:00,27.25,6.18,7.98,1.8
2017-12-30 10:45:00+00:00,22.0,6.29,7.97,1.68
2017-12-30 10:50:00+00:00,22.0,6.29,8.0,1.71
2017-12-30 10:55:00+00:00,22.0,6.29,8.04,1.75
2017-12-30 11:00:00+00:00,31.47,6.29,8.08,1.78
2017-12-30 11:05:00+00:00,31.47,6.29,8.04,1.75
2017-12-30 11:10:00+00:00,31.47,6.29,8.01,1.72
2017-12-30 11:15:00+00:00,24.89,6.29,7.97,1.69
2017-12-30 11:20:00+00:00,24.89,6.28,7.95,1.67
2017-12-30 11:25:00+00:00,24.89,6.27,7.92,1.65
2017-12-30 11:30:00+00:00,23.5,6.27,7.89,1.63
2017-12-30 11:35:00+00:00,23.5,6.26,7.88,1.62
2017-12-30 11:40:00+00:00,23.5,6.26,7.87,1.61
2017-12-30 11:45:00+00:00,21.2,6.25,7.86,1.6
2017-12-30 11:50:00+00:00,21.2,6.16,7.86,1.71
2017-12-30 11:55:00+00:00,21.2,6.07,7.87,1.81
2017-12-30 12:00:00+00:00,27.25,5.97,7.88,1.91
2017-12-30 12:05:00+00:00,27.25,5.88,7.87,1.99
2017-12-30 12:10:00+00:00,27.25,5.8,7.87,2.07
2017-12-30 12:15:00+00:00,21.5,5.71,7.86,2.15
2017-12-30 12:20:00+00:00,21.5,5.62,7.84,2.22
2017-12-30 12:25:00+00:00,21.5,5.53,7.81,2.29
2017-12-30 12:30:00+00:00,21.3,5.44,7.79,2.35
2017-12-30 12:35:00+00:00,21.3,5.34,7.78,2.44
2017-12-30 12:40:00+00:00,21.3,5.25,7.77,2.52
2017-12-30 12:45:00+00:00,18.67,5.15,7.76,2.61
2017-12-30 12:50:00+00:00,18.67,4.99,7.77,2.78
2017-12-30 12:55:00+00:00,18.67,4.83,7.78,2.95
2017-12-30 13:00:00+00:00,20.14,4.66,7.78,3.12
2017-12-30 13:05:00+00:00,20.14,4.5,7.77,3.27
2017-12-30 13:10:00+00:00,20.14,4.34,7.76,3.42
2017-12-30 13:15:00+00:00,16.7,4.18,7.75,3.57
2017-12-30 13:20:00+00:00,16.7,4.02,7.77,3.75
2017-12-30 13:25:00+00:00,16.7,3.86,7.8,3.94
2017-12-30 13:30:00+00:00,11.9,3.7,7.82,4.13
2017-12-30 13:35:00+00:00,11.9,3.53,7.81,4.28
2017-12-30 13:40:00+00:00,11.9,3.37,7.8,4.44
2017-12-30 13:45:00+00:00,15.26,3.21,7.8,4.59
2017-12-30 13:50:00+00:00,15.26,3.03,7.81,4.78
2017-12-30 13:55:00+00:00,15.26,2.86,7.83,4.98
2017-12-30 14:00:00+00:00,14.27,2.68,7.85,5.17
2017-12-30 14:05:00+00:00,14.27,2.51,7.86,5.35
2017-12-30 14:10:00+00:00,14.27,2.33,7.86,5.53
2017-12-30 14:15:00+00:00,13.1,2.15,7.87,5.71
2017-12-30 14:20:00+00:00,13.1,1.98,7.88,5.9
2017-12-30 14:25:00+00:00,13.1,1.81,7.9,6.08
2017-12-30 14:30:00+00:00,13.44,1.64,7.91,6.27
2017-12-30 14:35:00+00:00,13.44,1.48,7.94,6.46
2017-12-30 14:40:00+00:00,13.44,1.32,7.96,6.64
2017-12-30 14:45:00+00:00,18.8,1.16,7.99,6.83
2017-12-30 14:50:00+00:00,18.8,1.09,8.01,6.92
2017-12-30 14:55:00+00:00,18.8,1.01,8.03,7.01
2017-12-30 15:00:00+00:00,3.95,0.94,8.05,7.11
2017-12-30 15:05:00+00:00,3.95,0.87,8.07,7.2
2017-12-30 15:10:00+00:00,3.95,0.8,8.1,7.29
2017-12-30 15:15:00+00:00,10.5,0.74,8.12,7.38
2017-12-30 15:20:00+00:00,10.5,0.67,8.17,7.5
2017-12-30 15:25:00+00:00,10.5,0.6,8.22,7.61
2017-12-30 15:30:00+00:00,17.57,0.53,8.26,7.73
2017-12-30 15:35:00+00:00,17.57,0.47,8.28,7.82
2017-12-30 15:40:00+00:00,17.57,0.4,8.31,7.91
2017-12-30 15:45:00+00:00,30.14,0.33,8.33,8.0
2017-12-30 15:50:00+00:00,30.14,0.33,8.35,8.02
2017-12-30 15:55:00+00:00,30.14,0.33,8.37,8.04
2017-12-30 16:00:00+00:00,10.66,0.33,8.39,8.06
2017-12-30 16:05:00+00:00,10.66,0.33,8.39,8.06
2017-12-30 16:10:00+00:00,10.66,0.33,8.4,8.07
2017-12-30 16:15:00+00:00,22.0,0.33,8.41,8.08
2017-12-30 16:20:00+00:00,22.0,0.33,8.4,8.07
2017-12-30 16:25:00+00:00,22.0,0.33,8.39,8.06
2017-12-30 16:30:00+00:00,22.0,0.33,8.38,8.05
2017-12-30 16:35:00+00:00,22.0,0.33,8.4,8.07
2017-12-30 16:40:00+00:00,22.0,0.33,8.42,8.09
2017-12-30 16:45:00+00:00,20.19,0.33,8.44,8.11
2017-12-30 16:50:00+00:00,20.19,0.33,8.44,8.1
2017-12-30 16:55:00+00:00,20.19,0.33,8.43,8.1
2017-12-30 17:00:00+00:00,21.59,0.33,8.42,8.09
2017-12-30 17:05:00+00:00,21.59,0.33,8.38,8.05
2017-12-30 17:10:00+00:00,21.59,0.33,8.33,8.0
2017-12-30 17:15:00+00:00,18.81,0.33,8.29,7.96
2017-12-30 17:20:00+00:00,18.81,0.33,8.26,7.93
2017-12-30 17:25:00+00:00,18.81,0.33,8.23,7.9
2017-12-30 17:30:00+00:00,19.53,0.33,8.2,7.87
2017-12-30 17:35:00+00:00,19.53,0.33,8.17,7.84
2017-12-30 17:40:00+00:00,19.53,0.33,8.14,7.81
2017-12-30 17:45:00+00:00,8.08,0.33,8.12,7.78
2017-12-30 17:50:00+00:00,8.08,0.22,8.03,7.81
2017-12-30 17:55:00+00:00,8.08,0.11,7.95,7.84
2017-12-30 18:00:00+00:00,22.0,0.0,7.87,7.87
2017-12-30 18:05:00+00:00,22.0,0.0,7.84,7.84
2017-12-30 18:10:00+00:00,22.0,0.0,7.81,7.81
2017-12-30 18:15:00+00:00,16.67,0.0,7.77,7.77
2017-12-30 18:20:00+00:00,16.67,0.0,7.74,7.74
2017-12-30 18:25:00+00:00,16.67,0.0,7.71,7.71
2017-12-30 18:30:00+00:00,16.2,0.0,7.67,7.67
2017-12-30 18:35:00+00:00,16.2,0.0,7.64,7.64
2017-12-30 18:40:00+00:00,16.2,0.0,7.6,7.6
2017-12-30 18:45:00+00:00,2.37,0.0,7.56,7.56
2017-12-30 18:50:00+00:00,2.37,0.0,7.53,7.53
2017-12-30 18:55:00+00:00,2.37,0.0,7.5,7.5
2017-12-30 19:00:00+00:00,25.2,0.0,7.48,7.48
2017-12-30 19:05:00+00:00,25.2,0.0,7.43,7.43
2017-12-30 19:10:00+00:00,25.2,0.0,7.39,7.39
2017-12-30 19:15:00+00:00,13.93,0.0,7.35,7.35
2017-12-30 19:20:00+00:00,13.93,0.0,7.32,7.32
2017-12-30 19:25:00+00:00,13.93,0.0,7.3,7.3
2017-12-30 19:30:00+00:00,1.5,0.0,7.27,7.27
2017-12-30 19:35:00+00:00,1.5,0.0,7.23,7.23
2017-12-30 19:40:00+00:00,1.5,0.0,7.19,7.19
2017-12-30 19:45:00+00:00,-13.5,0.0,7.16,7.16
2017-12-30 19:50:00+00:00,-13.5,0.0,7.11,7.11
2017-12-30 19:55:00+00:00,-13.5,0.0,7.06,7.06
2017-12-30 20:00:00+00:00,11.98,0.0,7.02,7.02
2017-12-30 20:05:00+00:00,11.98,0.0,6.97,6.97
2017-12-30 20:10:00+00:00,11.98,0.0,6.92,6.92
2017-12-30 20:15:00+00:00,2.29,0.0,6.87,6.87
2017-12-30 20:20:00+00:00,2.29,0.0,6.84,6.84
2017-12-30 20:25:00+00:00,2.29,0.0,6.8,6.8
2017-12-30 20:30:00+00:00,-2.0,0.0,6.77,6.77
2017-12-30 20:35:00+00:00,-2.0,0.0,6.75,6.75
2017-12-30 20:40:00+00:00,-2.0,0.0,6.73,6.73
2017-12-30 20:45:00+00:00,-5.53,0.0,6.7,6.7
2017-12-30 20:50:00+00:00,-5.53,0.0,6.78,6.78
2017-12-30 20:55:00+00:00,-5.53,0.0,6.86,6.86
2017-12-30 21:00:00+00:00,14.11,0.0,6.94,6.94
2017-12-30 21:05:00+00:00,14.11,0.0,6.93,6.93
2017-12-30 21:10:00+00:00,14.11,0.0,6.92,6.92
2017-12-30 21:15:00+00:00,8.56,0.0,6.91,6.91
2017-12-30 21:20:00+00:00,8.56,0.0,6.87,6.87
2017-12-30 21:25:00+00:00,8.56,0.0,6.82,6.82
2017-12-30 21:30:00+00:00,-2.0,0.0,6.77,6.77
2017-12-30 21:35:00+00:00,-2.0,0.0,6.73,6.73
2017-12-30 21:40:00+00:00,-2.0,0.0,6.69,6.69
2017-12-30 21:45:00+00:00,-18.47,0.0,6.66,6.66
2017-12-30 21:50:00+00:00,-18.47,0.0,6.61,6.61
2017-12-30 21:55:00+00:00,-18.47,0.0,6.57,6.57
2017-12-30 22:00:00+00:00,13.7,0.0,6.53,6.53
2017-12-30 22:05:00+00:00,13.7,0.0,6.48,6.48
2017-12-30 22:10:00+00:00,13.7,0.0,6.44,6.44
2017-12-30 22:15:00+00:00,-2.0,0.0,6.39,6.39
2017-12-30 22:20:00+00:00,-2.0,0.0,6.34,6.34
2017-12-30 22:25:00+00:00,-2.0,0.0,6.28,6.28
2017-12-30 22:30:00+00:00,-11.18,0.0,6.23,6.23
2017-12-30 22:35:00+00:00,-11.18,0.0,6.2,6.2
2017-12-30 22:40:00+00:00,-11.18,0.0,6.17,6.17
2017-12-30 22:45:00+00:00,-28.0,0.0,6.15,6.15
2017-12-30 22:50:00+00:00,-28.0,0.0,6.15,6.15
2017-12-30 22:55:00+00:00,-28.0,0.0,6.15,6.15
2017-12-30 23:00:00+00:00,-5.34,0.0,6.16,6.16
2017-12-30 23:05:00+00:00,-5.34,0.0,6.11,6.11
2017-12-30 23:10:00+00:00,-5.34,0.0,6.07,6.07
2017-12-30 23:15:00+00:00,-16.66,0.0,6.03,6.03
2017-12-30 23:20:00+00:00,-16.66,0.0,5.99,5.99
2017-12-30 23:25:00+00:00,-16.66,0.0,5.95,5.95
2017-12-30 23:30:00+00:00,-19.78,0.0,5.92,5.92
2017-12-30 23:35:00+00:00,-19.78,0.0,5.87,5.87
2017-12-30 23:40:00+00:00,-19.78,0.0,5.83,5.83
2017-12-30 23:45:00+00:00,-38.6,0.0,5.79,5.79
2017-12-30 23:50:00+00:00,-38.6,0.0,5.79,5.79
2017-12-30 23:55:00+00:00,-38.6,0.0,5.79,5.79
2017-12-31 00:00:00+00:00,-11.8,0.0,5.78,5.78
2017-12-31 00:05:00+00:00,-11.8,0.0,5.75,5.75
2017-12-31 00:10:00+00:00,-11.8,0.0,5.71,5.71
2017-12-31 00:15:00+00:00,-29.6,0.0,5.68,5.68
2017-12-31 00:20:00+00:00,-29.6,0.0,5.65,5.65
2017-12-31 00:25:00+00:00,-29.6,0.0,5.63,5.63
2017-12-31 00:30:00+00:00,-31.4,0.0,5.61,5.61
2017-12-31 00:35:00+00:00,-31.4,0.0,5.57,5.57
2017-12-31 00:40:00+00:00,-31.4,0.0,5.54,5.54
2017-12-31 00:45:00+00:00,-40.0,0.0,5.51,5.51
2017-12-31 00:50:00+00:00,-40.0,0.0,5.53,5.53
2017-12-31 00:55:00+00:00,-40.0,0.0,5.55,5.55
2017-12-31 01:00:00+00:00,-31.4,0.0,5.57,5.57
2017-12-31 01:05:00+00:00,-31.4,0.0,5.55,5.55
2017-12-31 01:10:00+00:00,-31.4,0.0,5.53,5.53
2017-12-31 01:15:00+00:00,-40.0,0.0,5.51,5.51
2017-12-31 01:20:00+00:00,-40.0,0.0,5.48,5.48
2017-12-31 01:25:00+00:00,-40.0,0.0,5.44,5.44
2017-12-31 01:30:00+00:00,-40.7,0.0,5.41,5.41
2017-12-31 01:35:00+00:00,-40.7,0.0,5.38,5.38
2017-12-31 01:40:00+00:00,-40.7,0.0,5.34,5.34
2017-12-31 01:45:00+00:00,-43.0,0.0,5.31,5.31
2017-12-31 01:50:00+00:00,-43.0,0.0,5.29,5.29
2017-12-31 01:55:00+00:00,-43.0,0.0,5.27,5.27
2017-12-31 02:00:00+00:00,-23.1,0.0,5.25,5.25
2017-12-31 02:05:00+00:00,-23.1,0.0,5.24,5.24
2017-12-31 02:10:00+00:00,-23.1,0.0,5.23,5.23
2017-12-31 02:15:00+00:00,-25.5,0.0,5.22,5.22
2017-12-31 02:20:00+00:00,-25.5,0.0,5.21,5.21
2017-12-31 02:25:00+00:00,-25.5,0.0,5.19,5.19
2017-12-31 02:30:00+00:00,-26.9,0.0,5.18,5.18
2017-12-31 02:35:00+00:00,-26.9,0.0,5.2,5.2
2017-12-31 02:40:00+00:00,-26.9,0.0,5.21,5.21
2017-12-31 02:45:00+00:00,-27.0,0.0,5.22,5.22
2017-12-31 02:50:00+00:00,-27.0,0.0,5.23,5.23
2017-12-31 02:55:00+00:00,-27.0,0.0,5.24,5.24
2017-12-31 03:00:00+00:00,-18.4,0.0,5.25,5.25
2017-12-31 03:05:00+00:00,-18.4,0.0,5.23,5.23
2017-12-31 03:10:00+00:00,-18.4,0.0,5.22,5.22
2017-12-31 03:15:00+00:00,-12.0,0.0,5.21,5.21
2017-12-31 03:20:00+00:00,-12.0,0.0,5.22,5.22
2017-12-31 03:25:00+00:00,-12.0,0.0,5.23,5.23
2017-12-31 03:30:00+00:00,-20.0,0.0,5.24,5.24
2017-12-31 03:35:00+00:00,-20.0,0.0,5.25,5.25
2017-12-31 03:40:00+00:00,-20.0,0.0,5.26,5.26
2017-12-31 03:45:00+00:00,-20.0,0.0,5.27,5.27
2017-12-31 03:50:00+00:00,-20.0,0.0,5.29,5.29
2017-12-31 03:55:00+00:00,-20.0,0.0,5.31,5.31
2017-12-31 04:00:00+00:00,-20.0,0.0,5.33,5.33
2017-12-31 04:05:00+00:00,-20.0,0.0,5.34,5.34
2017-12-31 04:10:00+00:00,-20.0,0.0,5.36,5.36
2017-12-31 04:15:00+00:00,-19.71,0.0,5.38,5.38
2017-12-31 04:20:00+00:00,-19.71,0.0,5.39,5.39
2017-12-31 04:25:00+00:00,-19.71,0.0,5.41,5.41
2017-12-31 04:30:00+00:00,-20.0,0.0,5.42,5.42
2017-12-31 04:35:00+00:00,-20.0,0.0,5.44,5.44
2017-12-31 04:40:00+00:00,-20.0,0.0,5.45,5.45
2017-12-31 04:45:00+00:00,-20.0,0.0,5.46,5.46
2017-12-31 04:50:00+00:00,-20.0,0.0,5.44,5.44
2017-12-31 04:55:00+00:00,-20.0,0.0,5.41,5.41
2017-12-31 05:00:00+00:00,-39.3,0.0,5.39,5.39
2017-12-31 05:05:00+00:00,-39.3,0.0,5.4,5.4
2017-12-31 05:10:00+00:00,-39.3,0.0,5.42,5.42
2017-12-31 05:15:00+00:00,-30.2,0.0,5.43,5.43
2017-12-31 05:20:00+00:00,-30.2,0.0,5.47,5.47
2017-12-31 05:25:00+00:00,-30.2,0.0,5.5,5.5
2017-12-31 05:30:00+00:00,-22.0,0.0,5.54,5.54
2017-12-31 05:35:00+00:00,-22.0,0.0,5.58,5.58
2017-12-31 05:40:00+00:00,-22.0,0.0,5.62,5.62
2017-12-31 05:45:00+00:00,-20.0,0.0,5.66,5.66
2017-12-31 05:50:00+00:00,-20.0,0.11,5.76,5.65
2017-12-31 05:55:00+00:00,-20.0,0.22,5.85,5.63
2017-12-31 06:00:00+00:00,-40.0,0.33,5.95,5.62
2017-12-31 06:05:00+00:00,-40.0,0.33,5.99,5.66
2017-12-31 06:10:00+00:00,-40.0,0.33,6.02,5.69
2017-12-31 06:15:00+00:00,-20.0,0.33,6.06,5.73
2017-12-31 06:20:00+00:00,-20.0,0.33,6.11,5.77
2017-12-31 06:25:00+00:00,-20.0,0.34,6.15,5.81
2017-12-31 06:30:00+00:00,-13.0,0.34,6.2,5.86
2017-12-31 06:35:00+00:00,-13.0,0.34,6.22,5.88
2017-12-31 06:40:00+00:00,-13.0,0.34,6.25,5.9
2017-12-31 06:45:00+00:00,3.6,0.35,6.27,5.92
2017-12-31 06:50:00+00:00,3.6,0.42,6.3,5.87
2017-12-31 06:55:00+00:00,3.6,0.5,6.32,5.82
2017-12-31 07:00:00+00:00,-20.0,0.58,6.35,5.77
2017-12-31 07:05:00+00:00,-20.0,0.67,6.41,5.75
2017-12-31 07:10:00+00:00,-20.0,0.75,6.48,5.73
2017-12-31 07:15:00+00:00,-7.55,0.84,6.54,5.7
2017-12-31 07:20:00+00:00,-7.55,0.93,6.58,5.65
2017-12-31 07:25:00+00:00,-7.55,1.02,6.62,5.6
2017-12-31 07:30:00+00:00,1.6,1.12,6.66,5.54
2017-12-31 07:35:00+00:00,1.6,1.22,6.69,5.48
2017-12-31 07:40:00+00:00,1.6,1.32,6.73,5.41
2017-12-31 07:45:00+00:00,6.0,1.41,6.76,5.35
2017-12-31 07:50:00+00:00,6.0,1.65,6.81,5.16
2017-12-31 07:55:00+00:00,6.0,1.89,6.86,4.97
2017-12-31 08:00:00+00:00,-4.86,2.13,6.9,4.78
2017-12-31 08:05:00+00:00,-4.86,2.37,6.93,4.56
2017-12-31 08:10:00+00:00,-4.86,2.62,6.96,4.34
2017-12-31 08:15:00+00:00,2.0,2.86,6.98,4.12
2017-12-31 08:20:00+00:00,2.0,3.13,7.01,3.88
2017-12-31 08:25:00+00:00,2.0,3.4,7.03,3.63
2017-12-31 08:30:00+00:00,4.5,3.66,7.05,3.39
2017-12-31 08:35:00+00:00,4.5,3.93,7.06,3.14
2017-12-31 08:40:00+00:00,4.5,4.19,7.07,2.88
2017-12-31 08:45:00+00:00,4.0,4.45,7.08,2.63
2017-12-31 08:50:00+00:00,4.0,4.73,7.1,2.37
2017-12-31 08:55:00+00:00,4.0,5.0,7.12,2.12
2017-12-31 09:00:00+00:00,-19.2,5.27,7.13,1.86
2017-12-31 09:05:00+00:00,-19.2,5.55,7.14,1.59
2017-12-31 09:10:00+00:00,-19.2,5.82,7.14,1.32
2017-12-31 09:15:00+00:00,-18.0,6.1,7.14,1.04
2017-12-31 09:20:00+00:00,-18.0,6.36,7.16,0.8
2017-12-31 09:25:00+00:00,-18.0,6.62,7.18,0.56
2017-12-31 09:30:00+00:00,-15.43,6.88,7.19,0.32
2017-12-31 09:35:00+00:00,-15.43,7.14,7.2,0.07
2017-12-31 09:40:00+00:00,-15.43,7.4,7.22,0.0
2017-12-31 09:45:00+00:00,-9.2,7.66,7.23,0.0
2017-12-31 09:50:00+00:00,-9.2,7.86,7.24,0.0
2017-12-31 09:55:00+00:00,-9.2,8.05,7.26,0.0
2017-12-31 10:00:00+00:00,-20.0,8.25,7.27,0.0
2017-12-31 10:05:00+00:00,-20.0,8.44,7.28,0.0
2017-12-31 10:10:00+00:00,-20.0,8.62,7.28,0.0
2017-12-31 10:15:00+00:00,-11.1,8.81,7.29,0.0
2017-12-31 10:20:00+00:00,-11.1,8.99,7.28,0.0
2017-12-31 10:25:00+00:00,-11.1,9.17,7.26,0.0
2017-12-31 10:30:00+00:00,-11.1,9.35,7.25,0.0
2017-12-31 10:35:00+00:00,-11.1,9.52,7.21,0.0
2017-12-31 10:40:00+00:00,-11.1,9.7,7.17,0.0
2017-12-31 10:45:00+00:00,-12.3,9.87,7.13,0.0
2017-12-31 10:50:00+00:00,-12.3,9.91,7.13,0.0
2017-12-31 10:55:00+00:00,-12.3,9.95,7.13,0.0
2017-12-31 11:00:00+00:00,-20.0,9.99,7.13,0.0
2017-12-31 11:05:00+00:00,-20.0,10.02,7.08,0.0
2017-12-31 11:10:00+00:00,-20.0,10.05,7.03,0.0
2017-12-31 11:15:00+00:00,-22.7,10.08,6.98,0.0
2017-12-31 11:20:00+00:00,-22.7,10.09,6.94,0.0
2017-12-31 11:25:00+00:00,-22.7,10.11,6.91,0.0
2017-12-31 11:30:00+00:00,-24.0,10.13,6.87,0.0
2017-12-31 11:35:00+00:00,-24.0,10.14,6.84,0.0
2017-12-31 11:40:00+00:00,-24.0,10.15,6.8,0.0
2017-12-31 11:45:00+00:00,-32.0,10.16,6.77,0.0
2017-12-31 11:50:00+00:00,-32.0,10.03,6.76,0.0
2017-12-31 11:55:00+00:00,-32.0,9.89,6.76,0.0
2017-12-31 12:00:00+00:00,-27.8,9.76,6.75,0.0
2017-12-31 12:05:00+00:00,-27.8,9.63,6.74,0.0
2017-12-31 12:10:00+00:00,-27.8,9.49,6.73,0.0
2017-12-31 12:15:00+00:00,-31.0,9.35,6.72,0.0
2017-12-31 12:20:00+00:00,-31.0,9.21,6.71,0.0
2017-12-31 12:25:00+00:00,-31.0,9.07,6.71,0.0
2017-12-31 12:30:00+00:00,-33.0,8.92,6.7,0.0
2017-12-31 12:35:00+00:00,-33.0,8.78,6.7,0.0
2017-12-31 12:40:00+00:00,-33.0,8.63,6.69,0.0
2017-12-31 12:45:00+00:00,-40.0,8.48,6.69,0.0
2017-12-31 12:50:00+00:00,-40.0,8.22,6.69,0.0
2017-12-31 12:55:00+00:00,-40.0,7.95,6.69,0.0
2017-12-31 13:00:00+00:00,-33.0,7.68,6.69,0.0
2017-12-31 13:05:00+00:00,-33.0,7.42,6.67,0.0
2017-12-31 13:10:00+00:00,-33.0,7.16,6.66,0.0
2017-12-31 13:15:00+00:00,-34.5,6.9,6.64,0.0
2017-12-31 13:20:00+00:00,-34.5,6.64,6.63,0.0
2017-12-31 13:25:00+00:00,-34.5,6.37,6.62,0.25
2017-12-31 13:30:00+00:00,-39.76,6.11,6.62,0.51
2017-12-31 13:35:00+00:00,-39.76,5.84,6.62,0.77
2017-12-31 13:40:00+00:00,-39.76,5.58,6.62,1.04
2017-12-31 13:45:00+00:00,-40.0,5.32,6.62,1.31
2017-12-31 13:50:00+00:00,-40.0,5.02,6.64,1.61
2017-12-31 13:55:00+00:00,-40.0,4.73,6.65,1.92
2017-12-31 14:00:00+00:00,-21.2,4.43,6.66,2.23
2017-12-31 14:05:00+00:00,-21.2,4.14,6.66,2.52
2017-12-31 14:10:00+00:00,-21.2,3.86,6.67,2.81
2017-12-31 14:15:00+00:00,-20.0,3.57,6.68,3.11
2017-12-31 14:20:00+00:00,-20.0,3.29,6.7,3.41
2017-12-31 14:25:00+00:00,-20.0,3.01,6.72,3.7
2017-12-31 14:30:00+00:00,-21.9,2.74,6.74,4.0
2017-12-31 14:35:00+00:00,-21.9,2.47,6.77,4.3
2017-12-31 14:40:00+00:00,-21.9,2.2,6.81,4.61
2017-12-31 14:45:00+00:00,-20.0,1.94,6.85,4.91
2017-12-31 14:50:00+00:00,-20.0,1.8,6.87,5.08
2017-12-31 14:55:00+00:00,-20.0,1.66,6.9,5.24
2017-12-31 15:00:00+00:00,-13.78,1.51,6.92,5.4
2017-12-31 15:05:00+00:00,-13.78,1.38,6.97,5.59
2017-12-31 15:10:00+00:00,-13.78,1.25,7.02,5.77
2017-12-31 15:15:00+00:00,-0.99,1.11,7.07,5.95
2017-12-31 15:20:00+00:00,-0.99,0.98,7.14,6.16
2017-12-31 15:25:00+00:00,-0.99,0.85,7.21,6.36
2017-12-31 15:30:00+00:00,6.0,0.72,7.28,6.56
2017-12-31 15:35:00+00:00,6.0,0.59,7.33,6.74
2017-12-31 15:40:00+00:00,6.0,0.46,7.38,6.92
2017-12-31 15:45:00+00:00,20.86,0.33,7.43,7.1
2017-12-31 15:50:00+00:00,20.86,0.33,7.48,7.15
2017-12-31 15:55:00+00:00,20.86,0.33,7.53,7.2
2017-12-31 16:00:00+00:00,5.04,0.33,7.58,7.25
2017-12-31 16:05:00+00:00,5.04,0.33,7.6,7.27
2017-12-31 16:10:00+00:00,5.04,0.33,7.62,7.29
2017-12-31 16:15:00+00:00,14.62,0.33,7.63,7.3
2017-12-31 16:20:00+00:00,14.62,0.33,7.64,7.31
2017-12-31 16:25:00+00:00,14.62,0.33,7.64,7.31
2017-12-31 16:30:00+00:00,16.0,0.33,7.65,7.32
2017-12-31 16:35:00+00:00,16.0,0.33,7.65,7.32
2017-12-31 16:40:00+00:00,16.0,0.33,7.66,7.32
2017-12-31 16:45:00+00:00,21.06,0.33,7.66,7.33
2017-12-31 16:50:00+00:00,21.06,0.33,7.68,7.35
2017-12-31 16:55:00+00:00,21.06,0.33,7.7,7.37
2017-12-31 17:00:00+00:00,15.2,0.33,7.71,7.38
2017-12-31 17:05:00+00:00,15.2,0.33,7.68,7.35
2017-12-31 17:10:00+00:00,15.2,0.33,7.64,7.31
2017-12-31 17:15:00+00:00,14.2,0.33,7.61,7.28
2017-12-31 17:20:00+00:00,14.2,0.33,7.59,7.26
2017-12-31 17:25:00+00:00,14.2,0.33,7.57,7.24
2017-12-31 17:30:00+00:00,13.81,0.33,7.55,7.21
2017-12-31 17:35:00+00:00,13.81,0.33,7.52,7.19
2017-12-31 17:40:00+00:00,13.81,0.33,7.49,7.16
2017-12-31 17:45:00+00:00,9.9,0.33,7.47,7.13
2017-12-31 17:50:00+00:00,9.9,0.22,7.41,7.19
2017-12-31 17:55:00+00:00,9.9,0.11,7.35,7.24
2017-12-31 18:00:00+00:00,16.0,0.0,7.29,7.29
2017-12-31 18:05:00+00:00,16.0,0.0,7.27,7.27
2017-12-31 18:10:00+00:00,16.0,0.0,7.24,7.24
2017-12-31 18:15:00+00:00,15.2,0.0,7.22,7.22
2017-12-31 18:20:00+00:00,15.2,0.0,7.18,7.18
2017-12-31 18:25:00+00:00,15.2,0.0,7.14,7.14
2017-12-31 18:30:00+00:00,6.0,0.0,7.09,7.09
2017-12-31 18:35:00+00:00,6.0,0.0,7.06,7.06
2017-12-31 18:40:00+00:00,6.0,0.0,7.03,7.03
2017-12-31 18:45:00+00:00,-7.83,0.0,6.99,6.99
2017-12-31 18:50:00+00:00,-7.83,0.0,6.95,6.95
2017-12-31 18:55:00+00:00,-7.83,0.0,6.91,6.91
2017-12-31 19:00:00+00:00,14.1,0.0,6.87,6.87
2017-12-31 19:05:00+00:00,14.1,0.0,6.83,6.83
2017-12-31 19:10:00+00:00,14.1,0.0,6.8,6.8
2017-12-31 19:15:00+00:00,6.0,0.0,6.77,6.77
2017-12-31 19:20:00+00:00,6.0,0.0,6.75,6.75
2017-12-31 19:25:00+00:00,6.0,0.0,6.73,6.73
2017-12-31 19:30:00+00:00,-0.94,0.0,6.7,6.7
2017-12-31 19:35:00+00:00,-0.94,0.0,6.67,6.67
2017-12-31 19:40:00+00:00,-0.94,0.0,6.65,6.65
2017-12-31 19:45:00+00:00,-19.0,0.0,6.62,6.62
2017-12-31 19:50:00+00:00,-19.0,0.0,6.59,6.59
2017-12-31 19:55:00+00:00,-19.0,0.0,6.56,6.56
2017-12-31 20:00:00+00:00,6.0,0.0,6.53,6.53
2017-12-31 20:05:00+00:00,6.0,0.0,6.5,6.5
2017-12-31 20:10:00+00:00,6.0,0.0,6.46,6.46
2017-12-31 20:15:00+00:00,6.0,0.0,6.43,6.43
2017-12-31 20:20:00+00:00,6.0,0.0,6.41,6.41
2017-12-31 20:25:00+00:00,6.0,0.0,6.39,6.39
2017-12-31 20:30:00+00:00,6.0,0.0,6.37,6.37
2017-12-31 20:35:00+00:00,6.0,0.0,6.35,6.35
2017-12-31 20:40:00+00:00,6.0,0.0,6.34,6.34
2017-12-31 20:45:00+00:00,-10.36,0.0,6.33,6.33
2017-12-31 20:50:00+00:00,-10.36,0.0,6.42,6.42
2017-12-31 20:55:00+00:00,-10.36,0.0,6.51,6.51
2017-12-31 21:00:00+00:00,16.0,0.0,6.6,6.6
2017-12-31 21:05:00+00:00,16.0,0.0,6.6,6.6
2017-12-31 21:10:00+00:00,16.0,0.0,6.61,6.61
2017-12-31 21:15:00+00:00,18.0,0.0,6.61,6.61
2017-12-31 21:20:00+00:00,18.0,0.0,6.59,6.59
2017-12-31 21:25:00+00:00,18.0,0.0,6.56,6.56
2017-12-31 21:30:00+00:00,8.3,0.0,6.54,6.54
2017-12-31 21:35:00+00:00,8.3,0.0,6.52,6.52
2017-12-31 21:40:00+00:00,8.3,0.0,6.5,6.5
2017-12-31 21:45:00+00:00,-2.1,0.0,6.48,6.48
2017-12-31 21:50:00+00:00,-2.1,0.0,6.48,6.48
2017-12-31 21:55:00+00:00,-2.1,0.0,6.48,6.48
2017-12-31 22:00:00+00:00,22.43,0.0,6.48,6.48
2017-12-31 22:05:00+00:00,22.43,0.0,6.44,6.44
2017-12-31 22:10:00+00:00,22.43,0.0,6.4,6.4
2017-12-31 22:15:00+00:00,15.4,0.0,6.36,6.36
2017-12-31 22:20:00+00:00,15.4,0.0,6.33,6.33
2017-12-31 22:25:00+00:00,15.4,0.0,6.31,6.31
2017-12-31 22:30:00+00:00,4.28,0.0,6.28,6.28
2017-12-31 22:35:00+00:00,4.28,0.0,6.26,6.26
2017-12-31 22:40:00+00:00,4.28,0.0,6.24,6.24
2017-12-31 22:45:00+00:00,-20.0,0.0,6.22,6.22
2017-12-31 22:50:00+00:00,-20.0,0.0,6.22,6.22
2017-12-31 22:55:00+00:00,-20.0,0.0,6.23,6.23
2017-12-31 23:00:00+00:00,-6.0,0.0,6.23,6.23
2017-12-31 23:05:00+00:00,-6.0,0.0,6.22,6.22
2017-12-31 23:10:00+00:00,-6.0,0.0,6.21,6.21
2017-12-31 23:15:00+00:00,-20.0,0.0,6.2,6.2
2017-12-31 23:20:00+00:00,-20.0,0.0,6.18,6.18
2017-12-31 23:25:00+00:00,-20.0,0.0,6.15,6.15
2017-12-31 23:30:00+00:00,-20.0,0.0,6.13,6.13
2017-12-31 23:35:00+00:00,-20.0,0.0,6.1,6.1
2017-12-31 23:40:00+00:00,-20.0,0.0,6.08,6.08
2017-12-31 23:45:00+00:00,-22.79,0.0,6.05,6.05
2017-12-31 23:50:00+00:00,-22.79,0.0,6.06,6.06
2017-12-31 23:55:00+00:00,-22.79,0.0,6.06,6.06
2018-01-01 00:00:00+00:00,-20.0,0.0,6.06,6.06
2018-01-01 00:05:00+00:00,-20.0,0.0,6.03,6.03
2018-01-01 00:10:00+00:00,-20.0,0.0,6.0,6.0
2018-01-01 00:15:00+00:00,-33.9,0.0,5.97,5.97
2018-01-01 00:20:00+00:00,-33.9,0.0,5.94,5.94
2018-01-01 00:25:00+00:00,-33.9,0.0,5.91,5.91
2018-01-01 00:30:00+00:00,-26.81,0.0,5.88,5.88
2018-01-01 00:35:00+00:00,-26.81,0.0,5.86,5.86
2018-01-01 00:40:00+00:00,-26.81,0.0,5.85,5.85
2018-01-01 00:45:00+00:00,-41.3,0.0,5.83,5.83
2018-01-01 00:50:00+00:00,-41.3,0.0,5.84,5.84
2018-01-01 00:55:00+00:00,-41.3,0.0,5.86,5.86
2018-01-01 01:00:00+00:00,-20.0,0.0,5.87,5.87
2018-01-01 01:05:00+00:00,-20.0,0.0,5.84,5.84
2018-01-01 01:10:00+00:00,-20.0,0.0,5.81,5.81
2018-01-01 01:15:00+00:00,-38.1,0.0,5.78,5.78
2018-01-01 01:20:00+00:00,-38.1,0.0,5.74,5.74
2018-01-01 01:25:00+00:00,-38.1,0.0,5.7,5.7
2018-01-01 01:30:00+00:00,-39.08,0.0,5.66,5.66
2018-01-01 01:35:00+00:00,-39.08,0.0,5.64,5.64
2018-01-01 01:40:00+00:00,-39.08,0.0,5.62,5.62
2018-01-01 01:45:00+00:00,-43.2,0.0,5.6,5.6
2018-01-01 01:50:00+00:00,-43.2,0.0,5.59,5.59
2018-01-01 01:55:00+00:00,-43.2,0.0,5.58,5.58
2018-01-01 02:00:00+00:00,-37.4,0.0,5.56,5.56
2018-01-01 02:05:00+00:00,-37.4,0.0,5.54,5.54
2018-01-01 02:10:00+00:00,-37.4,0.0,5.52,5.52
2018-01-01 02:15:00+00:00,-39.4,0.0,5.5,5.5
2018-01-01 02:20:00+00:00,-39.4,0.0,5.48,5.48
2018-01-01 02:25:00+00:00,-39.4,0.0,5.47,5.47
2018-01-01 02:30:00+00:00,-41.19,0.0,5.45,5.45
2018-01-01 02:35:00+00:00,-41.19,0.0,5.42,5.42
2018-01-01 02:40:00+00:00,-41.19,0.0,5.39,5.39
2018-01-01 02:45:00+00:00,-42.0,0.0,5.36,5.36
2018-01-01 02:50:00+00:00,-42.0,0.0,5.35,5.35
2018-01-01 02:55:00+00:00,-42.0,0.0,5.34,5.34
2018-01-01 03:00:00+00:00,-42.57,0.0,5.33,5.33
2018-01-01 03:05:00+00:00,-42.57,0.0,5.32,5.32
2018-01-01 03:10:00+00:00,-42.57,0.0,5.32,5.32
2018-01-01 03:15:00+00:00,-40.0,0.0,5.31,5.31
2018-01-01 03:20:00+00:00,-40.0,0.0,5.32,5.32
2018-01-01 03:25:00+00:00,-40.0,0.0,5.32,5.32
2018-01-01 03:30:00+00:00,-50.5,0.0,5.33,5.33
2018-01-01 03:35:00+00:00,-50.5,0.0,5.33,5.33
2018-01-01 03:40:00+00:00,-50.5,0.0,5.34,5.34
2018-01-01 03:45:00+00:00,-40.0,0.0,5.34,5.34
2018-01-01 03:50:00+00:00,-40.0,0.0,5.36,5.36
2018-01-01 03:55:00+00:00,-40.0,0.0,5.38,5.38
2018-01-01 04:00:00+00:00,-46.9,0.0,5.4,5.4
2018-01-01 04:05:00+00:00,-46.9,0.0,5.4,5.4
2018-01-01 04:10:00+00:00,-46.9,0.0,5.4,5.4
2018-01-01 04:15:00+00:00,-53.7,0.0,5.4,5.4
2018-01-01 04:20:00+00:00,-53.7,0.0,5.42,5.42
2018-01-01 04:25:00+00:00,-53.7,0.0,5.43,5.43
2018-01-01 04:30:00+00:00,-51.7,0.0,5.44,5.44
2018-01-01 04:35:00+00:00,-51.7,0.0,5.44,5.44
2018-01-01 04:40:00+00:00,-51.7,0.0,5.44,5.44
2018-01-01 04:45:00+00:00,-47.7,0.0,5.44,5.44
2018-01-01 04:50:00+00:00,-47.7,0.0,5.43,5.43
2018-01-01 04:55:00+00:00,-47.7,0.0,5.42,5.42
2018-01-01 05:00:00+00:00,-56.6,0.0,5.4,5.4
2018-01-01 05:05:00+00:00,-56.6,0.0,5.41,5.41
2018-01-01 05:10:00+00:00,-56.6,0.0,5.41,5.41
2018-01-01 05:15:00+00:00,-45.4,0.0,5.41,5.41
2018-01-01 05:20:00+00:00,-45.4,0.0,5.44,5.44
2018-01-01 05:25:00+00:00,-45.4,0.0,5.46,5.46
2018-01-01 05:30:00+00:00,-37.1,0.0,5.48,5.48
2018-01-01 05:35:00+00:00,-37.1,0.0,5.5,5.5
2018-01-01 05:40:00+00:00,-37.1,0.0,5.51,5.51
2018-01-01 05:45:00+00:00,-29.05,0.0,5.53,5.53
2018-01-01 05:50:00+00:00,-29.05,0.11,5.63,5.52
2018-01-01 05:55:00+00:00,-29.05,0.22,5.73,5.51
2018-01-01 06:00:00+00:00,-63.13,0.33,5.84,5.5
2018-01-01 06:05:00+00:00,-63.13,0.33,5.84,5.51
2018-01-01 06:10:00+00:00,-63.13,0.33,5.85,5.52
2018-01-01 06:15:00+00:00,-40.6,0.33,5.86,5.53
2018-01-01 06:20:00+00:00,-40.6,0.34,5.88,5.54
2018-01-01 06:25:00+00:00,-40.6,0.34,5.89,5.55
2018-01-01 06:30:00+00:00,-38.8,0.34,5.91,5.57
2018-01-01 06:35:00+00:00,-38.8,0.35,5.93,5.58
2018-01-01 06:40:00+00:00,-38.8,0.35,5.94,5.6
2018-01-01 06:45:00+00:00,-34.0,0.35,5.96,5.61
2018-01-01 06:50:00+00:00,-34.0,0.41,5.99,5.59
2018-01-01 06:55:00+00:00,-34.0,0.46,6.03,5.57
2018-01-01 07:00:00+00:00,-69.19,0.52,6.06,5.54
2018-01-01 07:05:00+00:00,-69.19,0.59,6.07,5.48
2018-01-01 07:10:00+00:00,-69.19,0.65,6.08,5.43
2018-01-01 07:15:00+00:00,-30.5,0.72,6.09,5.37
2018-01-01 07:20:00+00:00,-30.5,0.8,6.12,5.32
2018-01-01 07:25:00+00:00,-30.5,0.88,6.15,5.28
2018-01-01 07:30:00+00:00,-34.6,0.95,6.18,5.23
2018-01-01 07:35:00+00:00,-34.6,1.03,6.2,5.17
2018-01-01 07:40:00+00:00,-34.6,1.11,6.22,5.11
2018-01-01 07:45:00+00:00,-20.0,1.19,6.24,5.05
2018-01-01 07:50:00+00:00,-20.0,1.37,6.28,4.91
2018-01-01 07:55:00+00:00,-20.0,1.55,6.33,4.77
2018-01-01 08:00:00+00:00,-48.73,1.73,6.37,4.63
2018-01-01 08:05:00+00:00,-48.73,1.92,6.4,4.48
2018-01-01 08:10:00+00:00,-48.73,2.11,6.44,4.33
2018-01-01 08:15:00+00:00,-28.99,2.29,6.48,4.18
2018-01-01 08:20:00+00:00,-28.99,2.5,6.51,4.0
2018-01-01 08:25:00+00:00,-28.99,2.71,6.53,3.82
2018-01-01 08:30:00+00:00,-33.01,2.92,6.56,3.64
2018-01-01 08:35:00+00:00,-33.01,3.13,6.58,3.46
2018-01-01 08:40:00+00:00,-33.01,3.33,6.61,3.28
2018-01-01 08:45:00+00:00,-20.0,3.53,6.63,3.1
2018-01-01 08:50:00+00:00,-20.0,3.73,6.66,2.93
2018-01-01 08:55:00+00:00,-20.0,3.93,6.69,2.76
2018-01-01 09:00:00+00:00,-20.0,4.13,6.72,2.6
2018-01-01 09:05:00+00:00,-20.0,4.33,6.75,2.42
2018-01-01 09:10:00+00:00,-20.0,4.53,6.77,2.24
2018-01-01 09:15:00+00:00,-20.0,4.73,6.79,2.06
2018-01-01 09:20:00+00:00,-20.0,4.91,6.82,1.9
2018-01-01 09:25:00+00:00,-20.0,5.1,6.84,1.75
2018-01-01 09:30:00+00:00,-16.2,5.28,6.87,1.59
2018-01-01 09:35:00+00:00,-16.2,5.47,6.89,1.43
2018-01-01 09:40:00+00:00,-16.2,5.65,6.92,1.26
2018-01-01 09:45:00+00:00,-18.45,5.84,6.94,1.1
2018-01-01 09:50:00+00:00,-18.45,5.97,6.97,1.0
2018-01-01 09:55:00+00:00,-18.45,6.1,7.0,0.9
2018-01-01 10:00:00+00:00,-5.52,6.23,7.03,0.8
2018-01-01 10:05:00+00:00,-5.52,6.35,7.07,0.72
2018-01-01 10:10:00+00:00,-5.52,6.47,7.11,0.64
2018-01-01 10:15:00+00:00,-6.0,6.59,7.15,0.56
2018-01-01 10:20:00+00:00,-6.0,6.7,7.14,0.44
2018-01-01 10:25:00+00:00,-6.0,6.81,7.14,0.33
2018-01-01 10:30:00+00:00,-3.3,6.92,7.14,0.22
2018-01-01 10:35:00+00:00,-3.3,7.02,7.14,0.12
2018-01-01 10:40:00+00:00,-3.3,7.12,7.14,0.02
2018-01-01 10:45:00+00:00,-2.2,7.22,7.15,0.0
2018-01-01 10:50:00+00:00,-2.2,7.26,7.17,0.0
2018-01-01 10:55:00+00:00,-2.2,7.29,7.2,0.0
2018-01-01 11:00:00+00:00,-5.3,7.32,7.22,0.0
2018-01-01 11:05:00+00:00,-5.3,7.33,7.2,0.0
2018-01-01 11:10:00+00:00,-5.3,7.35,7.19,0.0
2018-01-01 11:15:00+00:00,-6.0,7.37,7.17,0.0
2018-01-01 11:20:00+00:00,-6.0,7.37,7.15,0.0
2018-01-01 11:25:00+00:00,-6.0,7.37,7.14,0.0
2018-01-01 11:30:00+00:00,-6.0,7.38,7.12,0.0
2018-01-01 11:35:00+00:00,-6.0,7.37,7.1,0.0
2018-01-01 11:40:00+00:00,-6.0,7.37,7.08,0.0
2018-01-01 11:45:00+00:00,-16.5,7.36,7.06,0.0
2018-01-01 11:50:00+00:00,-16.5,7.26,7.07,0.0
2018-01-01 11:55:00+00:00,-16.5,7.17,7.08,0.0
2018-01-01 12:00:00+00:00,-6.0,7.07,7.09,0.03
2018-01-01 12:05:00+00:00,-6.0,6.97,7.08,0.12
2018-01-01 12:10:00+00:00,-6.0,6.86,7.07,0.21
2018-01-01 12:15:00+00:00,-11.5,6.76,7.06,0.3
2018-01-01 12:20:00+00:00,-11.5,6.65,7.05,0.4
2018-01-01 12:25:00+00:00,-11.5,6.54,7.04,0.5
2018-01-01 12:30:00+00:00,-9.1,6.43,7.03,0.6
2018-01-01 12:35:00+00:00,-9.1,6.31,7.02,0.71
2018-01-01 12:40:00+00:00,-9.1,6.2,7.02,0.82
2018-01-01 12:45:00+00:00,-20.0,6.08,7.01,0.93
2018-01-01 12:50:00+00:00,-20.0,5.89,7.02,1.13
2018-01-01 12:55:00+00:00,-20.0,5.69,7.03,1.34
2018-01-01 13:00:00+00:00,-5.92,5.49,7.04,1.55
2018-01-01 13:05:00+00:00,-5.92,5.3,7.03,1.73
2018-01-01 13:10:00+00:00,-5.92,5.1,7.01,1.91
2018-01-01 13:15:00+00:00,-6.0,4.9,7.0,2.09
2018-01-01 13:20:00+00:00,-6.0,4.7,7.0,2.29
2018-01-01 13:25:00+00:00,-6.0,4.51,6.99,2.49
2018-01-01 13:30:00+00:00,-6.6,4.31,6.99,2.69
2018-01-01 13:35:00+00:00,-6.6,4.11,6.97,2.87
2018-01-01 13:40:00+00:00,-6.6,3.91,6.96,3.05
2018-01-01 13:45:00+00:00,-6.0,3.71,6.94,3.23
2018-01-01 13:50:00+00:00,-6.0,3.5,6.94,3.44
2018-01-01 13:55:00+00:00,-6.0,3.29,6.94,3.65
2018-01-01 14:00:00+00:00,-3.82,3.08,6.94,3.86
2018-01-01 14:05:00+00:00,-3.82,2.88,6.93,4.05
2018-01-01 14:10:00+00:00,-3.82,2.68,6.92,4.24
2018-01-01 14:15:00+00:00,1.3,2.48,6.91,4.42
2018-01-01 14:20:00+00:00,1.3,2.3,6.91,4.62
2018-01-01 14:25:00+00:00,1.3,2.11,6.92,4.81
2018-01-01 14:30:00+00:00,0.0,1.92,6.93,5.01
2018-01-01 14:35:00+00:00,0.0,1.75,6.94,5.19
2018-01-01 14:40:00+00:00,0.0,1.58,6.96,5.38
2018-01-01 14:45:00+00:00,6.3,1.4,6.97,5.57
2018-01-01 14:50:00+00:00,6.3,1.3,6.99,5.68
2018-01-01 14:55:00+00:00,6.3,1.21,7.0,5.8
2018-01-01 15:00:00+00:00,-4.2,1.11,7.02,5.91
2018-01-01 15:05:00+00:00,-4.2,1.02,7.05,6.03
2018-01-01 15:10:00+00:00,-4.2,0.93,7.08,6.15
2018-01-01 15:15:00+00:00,5.5,0.84,7.11,6.26
2018-01-01 15:20:00+00:00,5.5,0.76,7.16,6.4
2018-01-01 15:25:00+00:00,5.5,0.67,7.22,6.54
2018-01-01 15:30:00+00:00,12.0,0.59,7.27,6.68
2018-01-01 15:35:00+00:00,12.0,0.5,7.31,6.81
2018-01-01 15:40:00+00:00,12.0,0.42,7.36,6.94
2018-01-01 15:45:00+00:00,19.94,0.33,7.4,7.07
2018-01-01 15:50:00+00:00,19.94,0.33,7.42,7.09
2018-01-01 15:55:00+00:00,19.94,0.33,7.44,7.11
2018-01-01 16:00:00+00:00,9.6,0.33,7.46,7.13
2018-01-01 16:05:00+00:00,9.6,0.33,7.48,7.15
2018-01-01 16:10:00+00:00,9.6,0.33,7.5,7.17
2018-01-01 16:15:00+00:00,16.0,0.33,7.52,7.19
2018-01-01 16:20:00+00:00,16.0,0.33,7.54,7.21
2018-01-01 16:25:00+00:00,16.0,0.33,7.56,7.22
2018-01-01 16:30:00+00:00,16.0,0.33,7.57,7.24
2018-01-01 16:35:00+00:00,16.0,0.33,7.59,7.25
2018-01-01 16:40:00+00:00,16.0,0.33,7.6,7.27
2018-01-01 16:45:00+00:00,19.75,0.33,7.61,7.28
2018-01-01 16:50:00+00:00,19.75,0.33,7.63,7.29
2018-01-01 16:55:00+00:00,19.75,0.33,7.64,7.31
2018-01-01 17:00:00+00:00,20.67,0.33,7.65,7.32
2018-01-01 17:05:00+00:00,20.67,0.33,7.64,7.31
2018-01-01 17:10:00+00:00,20.67,0.33,7.63,7.3
2018-01-01 17:15:00+00:00,16.0,0.33,7.62,7.28
2018-01-01 17:20:00+00:00,16.0,0.33,7.61,7.28
2018-01-01 17:25:00+00:00,16.0,0.33,7.61,7.28
2018-01-01 17:30:00+00:00,16.0,0.33,7.61,7.27
2018-01-01 17:35:00+00:00,16.0,0.33,7.59,7.26
2018-01-01 17:40:00+00:00,16.0,0.33,7.57,7.24
2018-01-01 17:45:00+00:00,20.36,0.33,7.56,7.22
2018-01-01 17:50:00+00:00,20.36,0.22,7.51,7.29
2018-01-01 17:55:00+00:00,20.36,0.11,7.47,7.36
2018-01-01 18:00:00+00:00,31.58,0.0,7.43,7.43
2018-01-01 18:05:00+00:00,31.58,0.0,7.4,7.4
2018-01-01 18:10:00+00:00,31.58,0.0,7.38,7.38
2018-01-01 18:15:00+00:00,26.3,0.0,7.36,7.36
2018-01-01 18:20:00+00:00,26.3,0.0,7.34,7.34
2018-01-01 18:25:00+00:00,26.3,0.0,7.32,7.32
2018-01-01 18:30:00+00:00,20.42,0.0,7.3,7.3
2018-01-01 18:35:00+00:00,20.42,0.0,7.27,7.27
2018-01-01 18:40:00+00:00,20.42,0.0,7.24,7.24
2018-01-01 18:45:00+00:00,16.0,0.0,7.21,7.21
2018-01-01 18:50:00+00:00,16.0,0.0,7.18,7.18
2018-01-01 18:55:00+00:00,16.0,0.0,7.15,7.15
2018-01-01 19:00:00+00:00,53.6,0.0,7.12,7.12
2018-01-01 19:05:00+00:00,53.6,0.0,7.08,7.08
2018-01-01 19:10:00+00:00,53.6,0.0,7.04,7.04
2018-01-01 19:15:00+00:00,33.25,0.0,7.0,7.0
2018-01-01 19:20:00+00:00,33.25,0.0,6.96,6.96
2018-01-01 19:25:00+00:00,33.25,0.0,6.93,6.93
2018-01-01 19:30:00+00:00,25.29,0.0,6.9,6.9
2018-01-01 19:35:00+00:00,25.29,0.0,6.87,6.87
2018-01-01 19:40:00+00:00,25.29,0.0,6.83,6.83
2018-01-01 19:45:00+00:00,16.0,0.0,6.79,6.79
2018-01-01 19:50:00+00:00,16.0,0.0,6.75,6.75
2018-01-01 19:55:00+00:00,16.0,0.0,6.72,6.72
2018-01-01 20:00:00+00:00,41.5,0.0,6.68,6.68
2018-01-01 20:05:00+00:00,41.5,0.0,6.64,6.64
2018-01-01 20:10:00+00:00,41.5,0.0,6.59,6.59
2018-01-01 20:15:00+00:00,33.0,0.0,6.55,6.55
2018-01-01 20:20:00+00:00,33.0,0.0,6.52,6.52
2018-01-01 20:25:00+00:00,33.0,0.0,6.49,6.49
2018-01-01 20:30:00+00:00,26.91,0.0,6.46,6.46
2018-01-01 20:35:00+00:00,26.91,0.0,6.44,6.44
2018-01-01 20:40:00+00:00,26.91,0.0,6.42,6.42
2018-01-01 20:45:00+00:00,16.0,0.0,6.4,6.4
2018-01-01 20:50:00+00:00,16.0,0.0,6.49,6.49
2018-01-01 20:55:00+00:00,16.0,0.0,6.58,6.58
2018-01-01 21:00:00+00:00,46.4,0.0,6.66,6.66
2018-01-01 21:05:00+00:00,46.4,0.0,6.65,6.65
2018-01-01 21:10:00+00:00,46.4,0.0,6.64,6.64
2018-01-01 21:15:00+00:00,36.3,0.0,6.62,6.62
2018-01-01 21:20:00+00:00,36.3,0.0,6.58,6.58
2018-01-01 21:25:00+00:00,36.3,0.0,6.54,6.54
2018-01-01 21:30:00+00:00,25.4,0.0,6.5,6.5
2018-01-01 21:35:00+00:00,25.4,0.0,6.48,6.48
2018-01-01 21:40:00+00:00,25.4,0.0,6.47,6.47
2018-01-01 21:45:00+00:00,14.0,0.0,6.45,6.45
2018-01-01 21:50:00+00:00,14.0,0.0,6.43,6.43
2018-01-01 21:55:00+00:00,14.0,0.0,6.42,6.42
2018-01-01 22:00:00+00:00,45.86,0.0,6.41,6.41
2018-01-01 22:05:00+00:00,45.86,0.0,6.36,6.36
2018-01-01 22:10:00+00:00,45.86,0.0,6.31,6.31
2018-01-01 22:15:00+00:00,30.24,0.0,6.26,6.26
2018-01-01 22:20:00+00:00,30.24,0.0,6.21,6.21
2018-01-01 22:25:00+00:00,30.24,0.0,6.15,6.15
2018-01-01 22:30:00+00:00,15.41,0.0,6.1,6.1
2018-01-01 22:35:00+00:00,15.41,0.0,6.08,6.08
2018-01-01 22:40:00+00:00,15.41,0.0,6.06,6.06
2018-01-01 22:45:00+00:00,5.27,0.0,6.04,6.04
2018-01-01 22:50:00+00:00,5.27,0.0,6.07,6.07
2018-01-01 22:55:00+00:00,5.27,0.0,6.11,6.11
2018-01-01 23:00:00+00:00,33.4,0.0,6.14,6.14
2018-01-01 23:05:00+00:00,33.4,0.0,6.1,6.1
2018-01-01 23:10:00+00:00,33.4,0.0,6.05,6.05
2018-01-01 23:15:00+00:00,18.66,0.0,6.01,6.01
2018-01-01 23:20:00+00:00,18.66,0.0,5.96,5.96
2018-01-01 23:25:00+00:00,18.66,0.0,5.91,5.91
2018-01-01 23:30:00+00:00,11.9,0.0,5.86,5.86
2018-01-01 23:35:00+00:00,11.9,0.0,5.83,5.83
2018-01-01 23:40:00+00:00,11.9,0.0,5.79,5.79
2018-01-01 23:45:00+00:00,2.0,0.0,5.76,5.76
2018-01-01 23:50:00+00:00,2.0,0.0,5.75,5.75
2018-01-01 23:55:00+00:00,2.0,0.0,5.74,5.74
2018-01-02 00:00:00+00:00,29.6,0.0,5.73,5.73
2018-01-02 00:05:00+00:00,29.6,0.0,5.7,5.7
2018-01-02 00:10:00+00:00,29.6,0.0,5.67,5.67
2018-01-02 00:15:00+00:00,13.17,0.0,5.64,5.64
2018-01-02 00:20:00+00:00,13.17,0.0,5.61,5.61
2018-01-02 00:25:00+00:00,13.17,0.0,5.58,5.58
2018-01-02 00:30:00+00:00,13.33,0.0,5.55,5.55
2018-01-02 00:35:00+00:00,13.33,0.0,5.53,5.53
2018-01-02 00:40:00+00:00,13.33,0.0,5.52,5.52
2018-01-02 00:45:00+00:00,6.1,0.0,5.5,5.5
2018-01-02 00:50:00+00:00,6.1,0.0,5.52,5.52
2018-01-02 00:55:00+00:00,6.1,0.0,5.54,5.54
2018-01-02 01:00:00+00:00,21.92,0.0,5.56,5.56
2018-01-02 01:05:00+00:00,21.92,0.0,5.54,5.54
2018-01-02 01:10:00+00:00,21.92,0.0,5.52,5.52
2018-01-02 01:15:00+00:00,6.6,0.0,5.5,5.5
2018-01-02 01:20:00+00:00,6.6,0.0,5.48,5.48
2018-01-02 01:25:00+00:00,6.6,0.0,5.46,5.46
2018-01-02 01:30:00+00:00,6.82,0.0,5.44,5.44
2018-01-02 01:35:00+00:00,6.82,0.0,5.43,5.43
2018-01-02 01:40:00+00:00,6.82,0.0,5.43,5.43
2018-01-02 01:45:00+00:00,7.4,0.0,5.42,5.42
2018-01-02 01:50:00+00:00,7.4,0.0,5.42,5.42
2018-01-02 01:55:00+00:00,7.4,0.0,5.42,5.42
2018-01-02 02:00:00+00:00,13.2,0.0,5.42,5.42
2018-01-02 02:05:00+00:00,13.2,0.0,5.42,5.42
2018-01-02 02:10:00+00:00,13.2,0.0,5.42,5.42
2018-01-02 02:15:00+00:00,5.6,0.0,5.41,5.41
2018-01-02 02:20:00+00:00,5.6,0.0,5.42,5.42
2018-01-02 02:25:00+00:00,5.6,0.0,5.43,5.43
2018-01-02 02:30:00+00:00,9.1,0.0,5.44,5.44
2018-01-02 02:35:00+00:00,9.1,0.0,5.44,5.44
2018-01-02 02:40:00+00:00,9.1,0.0,5.45,5.45
2018-01-02 02:45:00+00:00,12.28,0.0,5.45,5.45
2018-01-02 02:50:00+00:00,12.28,0.0,5.48,5.48
2018-01-02 02:55:00+00:00,12.28,0.0,5.5,5.5
2018-01-02 03:00:00+00:00,2.8,0.0,5.53,5.53
2018-01-02 03:05:00+00:00,2.8,0.0,5.54,5.54
2018-01-02 03:10:00+00:00,2.8,0.0,5.55,5.55
2018-01-02 03:15:00+00:00,12.76,0.0,5.55,5.55
2018-01-02 03:20:00+00:00,12.76,0.0,5.57,5.57
2018-01-02 03:25:00+00:00,12.76,0.0,5.59,5.59
2018-01-02 03:30:00+00:00,13.9,0.0,5.61,5.61
2018-01-02 03:35:00+00:00,13.9,0.0,5.65,5.65
2018-01-02 03:40:00+00:00,13.9,0.0,5.68,5.68
2018-01-02 03:45:00+00:00,31.4,0.0,5.71,5.71
2018-01-02 03:50:00+00:00,31.4,0.0,5.8,5.8
2018-01-02 03:55:00+00:00,31.4,0.0,5.88,5.88
2018-01-02 04:00:00+00:00,0.68,0.0,5.96,5.96
2018-01-02 04:05:00+00:00,0.68,0.0,6.01,6.01
2018-01-02 04:10:00+00:00,0.68,0.0,6.06,6.06
2018-01-02 04:15:00+00:00,7.2,0.0,6.12,6.12
2018-01-02 04:20:00+00:00,7.2,0.0,6.17,6.17
2018-01-02 04:25:00+00:00,7.2,0.0,6.22,6.22
2018-01-02 04:30:00+00:00,27.27,0.0,6.28,6.28
2018-01-02 04:35:00+00:00,27.27,0.0,6.34,6.34
2018-01-02 04:40:00+00:00,27.27,0.0,6.41,6.41
2018-01-02 04:45:00+00:00,48.2,0.0,6.48,6.48
2018-01-02 04:50:00+00:00,48.2,0.0,6.55,6.55
2018-01-02 04:55:00+00:00,48.2,0.0,6.62,6.62
2018-01-02 05:00:00+00:00,-2.0,0.0,6.69,6.69
2018-01-02 05:05:00+00:00,-2.0,0.0,6.76,6.76
2018-01-02 05:10:00+00:00,-2.0,0.0,6.83,6.83
2018-01-02 05:15:00+00:00,14.0,0.0,6.91,6.91
2018-01-02 05:20:00+00:00,14.0,0.0,6.98,6.98
2018-01-02 05:25:00+00:00,14.0,0.0,7.05,7.05
2018-01-02 05:30:00+00:00,42.0,0.0,7.12,7.12
2018-01-02 05:35:00+00:00,42.0,0.0,7.18,7.18
2018-01-02 05:40:00+00:00,42.0,0.0,7.25,7.25
2018-01-02 05:45:00+00:00,55.38,0.0,7.32,7.32
2018-01-02 05:50:00+00:00,55.38,0.11,7.43,7.32
2018-01-02 05:55:00+00:00,55.38,0.22,7.54,7.32
2018-01-02 06:00:00+00:00,6.5,0.33,7.66,7.32
2018-01-02 06:05:00+00:00,6.5,0.33,7.72,7.39
2018-01-02 06:10:00+00:00,6.5,0.33,7.79,7.46
2018-01-02 06:15:00+00:00,32.2,0.33,7.86,7.53
2018-01-02 06:20:00+00:00,32.2,0.33,7.91,7.58
2018-01-02 06:25:00+00:00,32.2,0.34,7.96,7.62
2018-01-02 06:30:00+00:00,44.02,0.34,8.01,7.67
2018-01-02 06:35:00+00:00,44.02,0.34,8.05,7.71
2018-01-02 06:40:00+00:00,44.02,0.34,8.09,7.75
2018-01-02 06:45:00+00:00,61.0,0.34,8.13,7.79
2018-01-02 06:50:00+00:00,61.0,0.42,8.18,7.76
2018-01-02 06:55:00+00:00,61.0,0.5,8.22,7.72
2018-01-02 07:00:00+00:00,36.98,0.58,8.27,7.68
2018-01-02 07:05:00+00:00,36.98,0.67,8.3,7.63
2018-01-02 07:10:00+00:00,36.98,0.75,8.32,7.57
2018-01-02 07:15:00+00:00,48.0,0.84,8.35,7.51
2018-01-02 07:20:00+00:00,48.0,0.93,8.39,7.46
2018-01-02 07:25:00+00:00,48.0,1.02,8.42,7.4
2018-01-02 07:30:00+00:00,32.1,1.1,8.45,7.35
2018-01-02 07:35:00+00:00,32.1,1.19,8.48,7.29
2018-01-02 07:40:00+00:00,32.1,1.27,8.5,7.23
2018-01-02 07:45:00+00:00,40.4,1.36,8.53,7.17
2018-01-02 07:50:00+00:00,40.4,1.59,8.55,6.96
2018-01-02 07:55:00+00:00,40.4,1.82,8.57,6.75
2018-01-02 08:00:00+00:00,45.2,2.05,8.58,6.53
2018-01-02 08:05:00+00:00,45.2,2.29,8.61,6.33
2018-01-02 08:10:00+00:00,45.2,2.52,8.64,6.12
2018-01-02 08:15:00+00:00,49.19,2.75,8.67,5.92
2018-01-02 08:20:00+00:00,49.19,3.0,8.69,5.69
2018-01-02 08:25:00+00:00,49.19,3.24,8.71,5.47
2018-01-02 08:30:00+00:00,42.5,3.49,8.73,5.25
2018-01-02 08:35:00+00:00,42.5,3.73,8.74,5.0
2018-01-02 08:40:00+00:00,42.5,3.98,8.74,4.76
2018-01-02 08:45:00+00:00,38.0,4.23,8.74,4.52
2018-01-02 08:50:00+00:00,38.0,4.48,8.73,4.25
2018-01-02 08:55:00+00:00,38.0,4.74,8.72,3.99
2018-01-02 09:00:00+00:00,48.0,4.99,8.72,3.72
2018-01-02 09:05:00+00:00,48.0,5.25,8.72,3.48
2018-01-02 09:10:00+00:00,48.0,5.5,8.73,3.23
2018-01-02 09:15:00+00:00,48.0,5.75,8.74,2.99
2018-01-02 09:20:00+00:00,48.0,5.99,8.75,2.76
2018-01-02 09:25:00+00:00,48.0,6.24,8.77,2.53
2018-01-02 09:30:00+00:00,32.36,6.48,8.78,2.3
2018-01-02 09:35:00+00:00,32.36,6.73,8.8,2.07
2018-01-02 09:40:00+00:00,32.36,6.97,8.82,1.85
2018-01-02 09:45:00+00:00,32.0,7.22,8.84,1.63
2018-01-02 09:50:00+00:00,32.0,7.37,8.85,1.48
2018-01-02 09:55:00+00:00,32.0,7.51,8.85,1.33
2018-01-02 10:00:00+00:00,51.5,7.66,8.85,1.19
2018-01-02 10:05:00+00:00,51.5,7.8,8.86,1.05
2018-01-02 10:10:00+00:00,51.5,7.95,8.87,0.91
2018-01-02 10:15:00+00:00,48.4,8.1,8.88,0.78
2018-01-02 10:20:00+00:00,48.4,8.24,8.89,0.64
2018-01-02 10:25:00+00:00,48.4,8.39,8.9,0.51
2018-01-02 10:30:00+00:00,33.04,8.53,8.91,0.38
2018-01-02 10:35:00+00:00,33.04,8.67,8.9,0.23
2018-01-02 10:40:00+00:00,33.04,8.81,8.89,0.07
2018-01-02 10:45:00+00:00,32.0,8.96,8.88,0.0
2018-01-02 10:50:00+00:00,32.0,8.98,8.89,0.0
2018-01-02 10:55:00+00:00,32.0,8.99,8.9,0.0
2018-01-02 11:00:00+00:00,48.0,9.01,8.92,0.0
2018-01-02 11:05:00+00:00,48.0,9.02,8.89,0.0
2018-01-02 11:10:00+00:00,48.0,9.04,8.87,0.0
2018-01-02 11:15:00+00:00,34.02,9.05,8.85,0.0
2018-01-02 11:20:00+00:00,34.02,9.05,8.83,0.0
2018-01-02 11:25:00+00:00,34.02,9.06,8.81,0.0
2018-01-02 11:30:00+00:00,40.9,9.06,8.79,0.0
2018-01-02 11:35:00+00:00,40.9,9.06,8.77,0.0
2018-01-02 11:40:00+00:00,40.9,9.07,8.75,0.0
2018-01-02 11:45:00+00:00,41.7,9.07,8.73,0.0
2018-01-02 11:50:00+00:00,41.7,8.96,8.73,0.0
2018-01-02 11:55:00+00:00,41.7,8.86,8.73,0.0
2018-01-02 12:00:00+00:00,42.6,8.75,8.72,0.0
2018-01-02 12:05:00+00:00,42.6,8.64,8.72,0.08
2018-01-02 12:10:00+00:00,42.6,8.52,8.71,0.19
2018-01-02 12:15:00+00:00,36.52,8.41,8.7,0.3
2018-01-02 12:20:00+00:00,36.52,8.29,8.7,0.41
2018-01-02 12:25:00+00:00,36.52,8.17,8.69,0.52
2018-01-02 12:30:00+00:00,42.07,8.05,8.69,0.63
2018-01-02 12:35:00+00:00,42.07,7.93,8.66,0.73
2018-01-02 12:40:00+00:00,42.07,7.82,8.64,0.82
2018-01-02 12:45:00+00:00,32.0,7.7,8.61,0.91
2018-01-02 12:50:00+00:00,32.0,7.49,8.62,1.13
2018-01-02 12:55:00+00:00,32.0,7.28,8.62,1.34
2018-01-02 13:00:00+00:00,34.2,7.07,8.63,1.55
2018-01-02 13:05:00+00:00,34.2,6.87,8.63,1.76
2018-01-02 13:10:00+00:00,34.2,6.67,8.63,1.96
2018-01-02 13:15:00+00:00,33.81,6.46,8.63,2.16
2018-01-02 13:20:00+00:00,33.81,6.26,8.62,2.36
2018-01-02 13:25:00+00:00,33.81,6.06,8.61,2.55
2018-01-02 13:30:00+00:00,33.2,5.85,8.6,2.75
2018-01-02 13:35:00+00:00,33.2,5.65,8.6,2.94
2018-01-02 13:40:00+00:00,33.2,5.45,8.59,3.14
2018-01-02 13:45:00+00:00,38.65,5.25,8.59,3.34
2018-01-02 13:50:00+00:00,38.65,4.96,8.61,3.65
2018-01-02 13:55:00+00:00,38.65,4.67,8.63,3.96
2018-01-02 14:00:00+00:00,33.8,4.37,8.65,4.27
2018-01-02 14:05:00+00:00,33.8,4.08,8.64,4.55
2018-01-02 14:10:00+00:00,33.8,3.8,8.63,4.83
2018-01-02 14:15:00+00:00,39.4,3.51,8.62,5.11
2018-01-02 14:20:00+00:00,39.4,3.22,8.63,5.41
2018-01-02 14:25:00+00:00,39.4,2.94,8.65,5.71
2018-01-02 14:30:00+00:00,36.84,2.65,8.67,6.02
2018-01-02 14:35:00+00:00,36.84,2.37,8.68,6.31
2018-01-02 14:40:00+00:00,36.84,2.09,8.69,6.6
2018-01-02 14:45:00+00:00,41.6,1.81,8.69,6.89
2018-01-02 14:50:00+00:00,41.6,1.68,8.71,7.02
2018-01-02 14:55:00+00:00,41.6,1.56,8.72,7.16
2018-01-02 15:00:00+00:00,35.5,1.43,8.73,7.3
2018-01-02 15:05:00+00:00,35.5,1.31,8.74,7.44
2018-01-02 15:10:00+00:00,35.5,1.19,8.76,7.57
2018-01-02 15:15:00+00:00,32.0,1.06,8.77,7.71
2018-01-02 15:20:00+00:00,32.0,0.94,8.83,7.89
2018-01-02 15:25:00+00:00,32.0,0.82,8.89,8.07
2018-01-02 15:30:00+00:00,39.0,0.7,8.95,8.25
2018-01-02 15:35:00+00:00,39.0,0.58,9.0,8.42
2018-01-02 15:40:00+00:00,39.0,0.46,9.06,8.6
2018-01-02 15:45:00+00:00,53.56,0.34,9.11,8.77
2018-01-02 15:50:00+00:00,53.56,0.34,9.15,8.81
2018-01-02 15:55:00+00:00,53.56,0.34,9.18,8.84
2018-01-02 16:00:00+00:00,32.0,0.34,9.21,8.87
2018-01-02 16:05:00+00:00,32.0,0.34,9.23,8.9
2018-01-02 16:10:00+00:00,32.0,0.34,9.26,8.92
2018-01-02 16:15:00+00:00,48.0,0.34,9.28,8.94
2018-01-02 16:20:00+00:00,48.0,0.34,9.29,8.95
2018-01-02 16:25:00+00:00,48.0,0.34,9.3,8.96
2018-01-02 16:30:00+00:00,45.1,0.33,9.31,8.98
2018-01-02 16:35:00+00:00,45.1,0.33,9.3,8.97
2018-01-02 16:40:00+00:00,45.1,0.33,9.3,8.97
2018-01-02 16:45:00+00:00,50.14,0.33,9.29,8.96
2018-01-02 16:50:00+00:00,50.14,0.33,9.28,8.94
2018-01-02 16:55:00+00:00,50.14,0.33,9.26,8.92
2018-01-02 17:00:00+00:00,48.7,0.33,9.24,8.9
2018-01-02 17:05:00+00:00,48.7,0.33,9.21,8.88
2018-01-02 17:10:00+00:00,48.7,0.33,9.19,8.85
2018-01-02 17:15:00+00:00,43.33,0.33,9.16,8.83
2018-01-02 17:20:00+00:00,43.33,0.33,9.15,8.81
2018-01-02 17:25:00+00:00,43.33,0.33,9.13,8.8
2018-01-02 17:30:00+00:00,37.4,0.33,9.12,8.78
2018-01-02 17:35:00+00:00,37.4,0.33,9.1,8.77
2018-01-02 17:40:00+00:00,37.4,0.33,9.08,8.75
2018-01-02 17:45:00+00:00,36.7,0.33,9.06,8.73
2018-01-02 17:50:00+00:00,36.7,0.22,8.99,8.76
2018-01-02 17:55:00+00:00,36.7,0.11,8.91,8.8
2018-01-02 18:00:00+00:00,60.0,0.0,8.83,8.83
2018-01-02 18:05:00+00:00,60.0,0.0,8.79,8.79
2018-01-02 18:10:00+00:00,60.0,0.0,8.74,8.74
2018-01-02 18:15:00+00:00,40.53,0.0,8.7,8.7
2018-01-02 18:20:00+00:00,40.53,0.0,8.66,8.66
2018-01-02 18:25:00+00:00,40.53,0.0,8.63,8.63
2018-01-02 18:30:00+00:00,32.0,0.0,8.59,8.59
2018-01-02 18:35:00+00:00,32.0,0.0,8.56,8.56
2018-01-02 18:40:00+00:00,32.0,0.0,8.52,8.52
2018-01-02 18:45:00+00:00,22.6,0.0,8.48,8.48
2018-01-02 18:50:00+00:00,22.6,0.0,8.42,8.42
2018-01-02 18:55:00+00:00,22.6,0.0,8.35,8.35
2018-01-02 19:00:00+00:00,78.5,0.0,8.29,8.29
2018-01-02 19:05:00+00:00,78.5,0.0,8.25,8.25
2018-01-02 19:10:00+00:00,78.5,0.0,8.21,8.21
2018-01-02 19:15:00+00:00,36.6,0.0,8.16,8.16
2018-01-02 19:20:00+00:00,36.6,0.0,8.12,8.12
2018-01-02 19:25:00+00:00,36.6,0.0,8.07,8.07
2018-01-02 19:30:00+00:00,26.0,0.0,8.03,8.03
2018-01-02 19:35:00+00:00,26.0,0.0,7.98,7.98
2018-01-02 19:40:00+00:00,26.0,0.0,7.93,7.93
2018-01-02 19:45:00+00:00,3.92,0.0,7.88,7.88
2018-01-02 19:50:00+00:00,3.92,0.0,7.82,7.82
2018-01-02 19:55:00+00:00,3.92,0.0,7.77,7.77
2018-01-02 20:00:00+00:00,50.0,0.0,7.71,7.71
2018-01-02 20:05:00+00:00,50.0,0.0,7.65,7.65
2018-01-02 20:10:00+00:00,50.0,0.0,7.6,7.6
2018-01-02 20:15:00+00:00,33.0,0.0,7.55,7.55
2018-01-02 20:20:00+00:00,33.0,0.0,7.5,7.5
2018-01-02 20:25:00+00:00,33.0,0.0,7.45,7.45
2018-01-02 20:30:00+00:00,23.87,0.0,7.4,7.4
2018-01-02 20:35:00+00:00,23.87,0.0,7.39,7.39
2018-01-02 20:40:00+00:00,23.87,0.0,7.38,7.38
2018-01-02 20:45:00+00:00,18.3,0.0,7.37,7.37
2018-01-02 20:50:00+00:00,18.3,0.0,7.47,7.47
2018-01-02 20:55:00+00:00,18.3,0.0,7.57,7.57
2018-01-02 21:00:00+00:00,48.0,0.0,7.68,7.68
2018-01-02 21:05:00+00:00,48.0,0.0,7.67,7.67
2018-01-02 21:10:00+00:00,48.0,0.0,7.67,7.67
2018-01-02 21:15:00+00:00,32.0,0.0,7.66,7.66
2018-01-02 21:20:00+00:00,32.0,0.0,7.62,7.62
2018-01-02 21:25:00+00:00,32.0,0.0,7.57,7.57
2018-01-02 21:30:00+00:00,18.9,0.0,7.52,7.52
2018-01-02 21:35:00+00:00,18.9,0.0,7.46,7.46
2018-01-02 21:40:00+00:00,18.9,0.0,7.4,7.4
2018-01-02 21:45:00+00:00,6.69,0.0,7.34,7.34
2018-01-02 21:50:00+00:00,6.69,0.0,7.29,7.29
2018-01-02 21:55:00+00:00,6.69,0.0,7.24,7.24
2018-01-02 22:00:00+00:00,32.0,0.0,7.19,7.19
2018-01-02 22:05:00+00:00,32.0,0.0,7.14,7.14
2018-01-02 22:10:00+00:00,32.0,0.0,7.1,7.1
2018-01-02 22:15:00+00:00,22.9,0.0,7.05,7.05
2018-01-02 22:20:00+00:00,22.9,0.0,7.01,7.01
2018-01-02 22:25:00+00:00,22.9,0.0,6.97,6.97
2018-01-02 22:30:00+00:00,12.4,0.0,6.94,6.94
2018-01-02 22:35:00+00:00,12.4,0.0,6.9,6.9
2018-01-02 22:40:00+00:00,12.4,0.0,6.87,6.87
2018-01-02 22:45:00+00:00,1.35,0.0,6.83,6.83
2018-01-02 22:50:00+00:00,1.35,0.0,6.83,6.83
2018-01-02 22:55:00+00:00,1.35,0.0,6.82,6.82
2018-01-02 23:00:00+00:00,23.49,0.0,6.82,6.82
2018-01-02 23:05:00+00:00,23.49,0.0,6.78,6.78
2018-01-02 23:10:00+00:00,23.49,0.0,6.74,6.74
2018-01-02 23:15:00+00:00,14.0,0.0,6.7,6.7
2018-01-02 23:20:00+00:00,14.0,0.0,6.66,6.66
2018-01-02 23:25:00+00:00,14.0,0.0,6.63,6.63
2018-01-02 23:30:00+00:00,6.0,0.0,6.59,6.59
2018-01-02 23:35:00+00:00,6.0,0.0,6.56,6.56
2018-01-02 23:40:00+00:00,6.0,0.0,6.54,6.54
2018-01-02 23:45:00+00:00,-5.3,0.0,6.51,6.51
2018-01-02 23:50:00+00:00,-5.3,0.0,6.51,6.51
2018-01-02 23:55:00+00:00,-5.3,0.0,6.5,6.5
2018-01-03 00:00:00+00:00,14.0,0.0,6.5,6.5
2018-01-03 00:05:00+00:00,14.0,0.0,6.47,6.47
2018-01-03 00:10:00+00:00,14.0,0.0,6.44,6.44
2018-01-03 00:15:00+00:00,9.51,0.0,6.4,6.4
2018-01-03 00:20:00+00:00,9.51,0.0,6.37,6.37
2018-01-03 00:25:00+00:00,9.51,0.0,6.34,6.34
2018-01-03 00:30:00+00:00,4.0,0.0,6.31,6.31
2018-01-03 00:35:00+00:00,4.0,0.0,6.28,6.28
2018-01-03 00:40:00+00:00,4.0,0.0,6.24,6.24
2018-01-03 00:45:00+00:00,-5.0,0.0,6.21,6.21
2018-01-03 00:50:00+00:00,-5.0,0.0,6.23,6.23
2018-01-03 00:55:00+00:00,-5.0,0.0,6.26,6.26
2018-01-03 01:00:00+00:00,2.3,0.0,6.29,6.29
2018-01-03 01:05:00+00:00,2.3,0.0,6.26,6.26
2018-01-03 01:10:00+00:00,2.3,0.0,6.22,6.22
2018-01-03 01:15:00+00:00,-3.32,0.0,6.19,6.19
2018-01-03 01:20:00+00:00,-3.32,0.0,6.18,6.18
2018-01-03 01:25:00+00:00,-3.32,0.0,6.18,6.18
2018-01-03 01:30:00+00:00,-2.3,0.0,6.17,6.17
2018-01-03 01:35:00+00:00,-2.3,0.0,6.16,6.16
2018-01-03 01:40:00+00:00,-2.3,0.0,6.16,6.16
2018-01-03 01:45:00+00:00,-3.58,0.0,6.16,6.16
2018-01-03 01:50:00+00:00,-3.58,0.0,6.16,6.16
2018-01-03 01:55:00+00:00,-3.58,0.0,6.17,6.17
2018-01-03 02:00:00+00:00,-8.35,0.0,6.18,6.18
2018-01-03 02:05:00+00:00,-8.35,0.0,6.15,6.15
2018-01-03 02:10:00+00:00,-8.35,0.0,6.12,6.12
2018-01-03 02:15:00+00:00,-13.41,0.0,6.1,6.1
2018-01-03 02:20:00+00:00,-13.41,0.0,6.1,6.1
2018-01-03 02:25:00+00:00,-13.41,0.0,6.09,6.09
2018-01-03 02:30:00+00:00,-10.98,0.0,6.09,6.09
2018-01-03 02:35:00+00:00,-10.98,0.0,6.09,6.09
2018-01-03 02:40:00+00:00,-10.98,0.0,6.08,6.08
2018-01-03 02:45:00+00:00,-12.54,0.0,6.08,6.08
2018-01-03 02:50:00+00:00,-12.54,0.0,6.09,6.09
2018-01-03 02:55:00+00:00,-12.54,0.0,6.1,6.1
2018-01-03 03:00:00+00:00,-10.69,0.0,6.11,6.11
2018-01-03 03:05:00+00:00,-10.69,0.0,6.13,6.13
2018-01-03 03:10:00+00:00,-10.69,0.0,6.16,6.16
2018-01-03 03:15:00+00:00,-7.35,0.0,6.18,6.18
2018-01-03 03:20:00+00:00,-7.35,0.0,6.19,6.19
2018-01-03 03:25:00+00:00,-7.35,0.0,6.21,6.21
2018-01-03 03:30:00+00:00,0.0,0.0,6.22,6.22
2018-01-03 03:35:00+00:00,0.0,0.0,6.25,6.25
2018-01-03 03:40:00+00:00,0.0,0.0,6.28,6.28
2018-01-03 03:45:00+00:00,7.7,0.0,6.31,6.31
2018-01-03 03:50:00+00:00,7.7,0.0,6.38,6.38
2018-01-03 03:55:00+00:00,7.7,0.0,6.45,6.45
2018-01-03 04:00:00+00:00,-20.0,0.0,6.52,6.52
2018-01-03 04:05:00+00:00,-20.0,0.0,6.58,6.58
2018-01-03 04:10:00+00:00,-20.0,0.0,6.63,6.63
2018-01-03 04:15:00+00:00,-7.89,0.0,6.69,6.69
2018-01-03 04:20:00+00:00,-7.89,0.0,6.75,6.75
2018-01-03 04:25:00+00:00,-7.89,0.0,6.8,6.8
2018-01-03 04:30:00+00:00,5.36,0.0,6.86,6.86
2018-01-03 04:35:00+00:00,5.36,0.0,6.92,6.92
2018-01-03 04:40:00+00:00,5.36,0.0,6.99,6.99
2018-01-03 04:45:00+00:00,22.39,0.0,7.05,7.05
2018-01-03 04:50:00+00:00,22.39,0.0,7.1,7.1
2018-01-03 04:55:00+00:00,22.39,0.0,7.15,7.15
2018-01-03 05:00:00+00:00,-30.0,0.0,7.21,7.21
2018-01-03 05:05:00+00:00,-30.0,0.0,7.28,7.28
2018-01-03 05:10:00+00:00,-30.0,0.0,7.35,7.35
2018-01-03 05:15:00+00:00,-4.0,0.0,7.43,7.43
2018-01-03 05:20:00+00:00,-4.0,0.0,7.48,7.48
2018-01-03 05:25:00+00:00,-4.0,0.0,7.53,7.53
2018-01-03 05:30:00+00:00,13.98,0.0,7.58,7.58
2018-01-03 05:35:00+00:00,13.98,0.0,7.65,7.65
2018-01-03 05:40:00+00:00,13.98,0.0,7.72,7.72
2018-01-03 05:45:00+00:00,42.0,0.0,7.79,7.79
2018-01-03 05:50:00+00:00,42.0,0.11,7.93,7.82
2018-01-03 05:55:00+00:00,42.0,0.22,8.08,7.85
2018-01-03 06:00:00+00:00,-0.07,0.33,8.22,7.89
2018-01-03 06:05:00+00:00,-0.07,0.33,8.27,7.94
2018-01-03 06:10:00+00:00,-0.07,0.33,8.33,7.99
2018-01-03 06:15:00+00:00,15.31,0.33,8.38,8.05
2018-01-03 06:20:00+00:00,15.31,0.33,8.43,8.09
2018-01-03 06:25:00+00:00,15.31,0.34,8.48,8.14
2018-01-03 06:30:00+00:00,24.3,0.34,8.53,8.19
2018-01-03 06:35:00+00:00,24.3,0.34,8.56,8.23
2018-01-03 06:40:00+00:00,24.3,0.34,8.6,8.26
2018-01-03 06:45:00+00:00,34.91,0.34,8.64,8.3
2018-01-03 06:50:00+00:00,34.91,0.37,8.66,8.28
2018-01-03 06:55:00+00:00,34.91,0.41,8.68,8.27
2018-01-03 07:00:00+00:00,16.66,0.44,8.7,8.26
2018-01-03 07:05:00+00:00,16.66,0.48,8.74,8.26
2018-01-03 07:10:00+00:00,16.66,0.52,8.78,8.26
2018-01-03 07:15:00+00:00,21.6,0.56,8.82,8.26
2018-01-03 07:20:00+00:00,21.6,0.6,8.83,8.23
2018-01-03 07:25:00+00:00,21.6,0.64,8.85,8.21
2018-01-03 07:30:00+00:00,19.81,0.68,8.86,8.18
2018-01-03 07:35:00+00:00,19.81,0.73,8.88,8.14
2018-01-03 07:40:00+00:00,19.81,0.79,8.9,8.11
2018-01-03 07:45:00+00:00,21.03,0.84,8.92,8.08
2018-01-03 07:50:00+00:00,21.03,0.96,8.91,7.96
2018-01-03 07:55:00+00:00,21.03,1.08,8.91,7.83
2018-01-03 08:00:00+00:00,19.18,1.2,8.91,7.71
2018-01-03 08:05:00+00:00,19.18,1.33,8.94,7.61
2018-01-03 08:10:00+00:00,19.18,1.45,8.97,7.52
2018-01-03 08:15:00+00:00,23.1,1.57,9.0,7.42
2018-01-03 08:20:00+00:00,23.1,1.7,8.99,7.29
2018-01-03 08:25:00+00:00,23.1,1.83,8.99,7.16
2018-01-03 08:30:00+00:00,19.03,1.97,8.99,7.02
2018-01-03 08:35:00+00:00,19.03,2.1,9.02,6.92
2018-01-03 08:40:00+00:00,19.03,2.23,9.04,6.81
2018-01-03 08:45:00+00:00,14.0,2.36,9.07,6.71
2018-01-03 08:50:00+00:00,14.0,2.48,9.09,6.61
2018-01-03 08:55:00+00:00,14.0,2.61,9.11,6.5
2018-01-03 09:00:00+00:00,22.09,2.73,9.13,6.4
2018-01-03 09:05:00+00:00,22.09,2.86,9.14,6.28
2018-01-03 09:10:00+00:00,22.09,3.0,9.15,6.15
2018-01-03 09:15:00+00:00,14.7,3.13,9.15,6.03
2018-01-03 09:20:00+00:00,14.7,3.25,9.16,5.91
2018-01-03 09:25:00+00:00,14.7,3.38,9.17,5.79
2018-01-03 09:30:00+00:00,19.7,3.51,9.17,5.67
2018-01-03 09:35:00+00:00,19.7,3.63,9.19,5.56
2018-01-03 09:40:00+00:00,19.7,3.75,9.2,5.45
2018-01-03 09:45:00+00:00,18.87,3.87,9.22,5.34
2018-01-03 09:50:00+00:00,18.87,4.05,9.22,5.17
2018-01-03 09:55:00+00:00,18.87,4.23,9.22,4.99
2018-01-03 10:00:00+00:00,21.45,4.4,9.22,4.82
2018-01-03 10:05:00+00:00,21.45,4.57,9.23,4.66
2018-01-03 10:10:00+00:00,21.45,4.75,9.25,4.5
2018-01-03 10:15:00+00:00,20.08,4.92,9.26,4.34
2018-01-03 10:20:00+00:00,20.08,5.09,9.26,4.18
2018-01-03 10:25:00+00:00,20.08,5.26,9.27,4.01
2018-01-03 10:30:00+00:00,15.91,5.43,9.27,3.85
2018-01-03 10:35:00+00:00,15.91,5.59,9.27,3.68
2018-01-03 10:40:00+00:00,15.91,5.75,9.26,3.51
2018-01-03 10:45:00+00:00,14.81,5.91,9.26,3.34
2018-01-03 10:50:00+00:00,14.81,5.91,9.26,3.35
2018-01-03 10:55:00+00:00,14.81,5.91,9.26,3.35
2018-01-03 11:00:00+00:00,22.95,5.91,9.26,3.35
2018-01-03 11:05:00+00:00,22.95,5.92,9.24,3.33
2018-01-03 11:10:00+00:00,22.95,5.93,9.23,3.3
2018-01-03 11:15:00+00:00,13.7,5.93,9.21,3.28
2018-01-03 11:20:00+00:00,13.7,5.94,9.2,3.26
2018-01-03 11:25:00+00:00,13.7,5.94,9.19,3.24
2018-01-03 11:30:00+00:00,13.48,5.95,9.17,3.22
2018-01-03 11:35:00+00:00,13.48,5.95,9.17,3.22
2018-01-03 11:40:00+00:00,13.48,5.95,9.18,3.22
2018-01-03 11:45:00+00:00,14.46,5.96,9.18,3.22
2018-01-03 11:50:00+00:00,14.46,5.79,9.2,3.42
2018-01-03 11:55:00+00:00,14.46,5.61,9.23,3.61
2018-01-03 12:00:00+00:00,20.9,5.44,9.25,3.81
2018-01-03 12:05:00+00:00,20.9,5.24,9.25,4.01
2018-01-03 12:10:00+00:00,20.9,5.03,9.25,4.21
2018-01-03 12:15:00+00:00,14.0,4.83,9.24,4.41
2018-01-03 12:20:00+00:00,14.0,4.62,9.23,4.61
2018-01-03 12:25:00+00:00,14.0,4.42,9.22,4.8
2018-01-03 12:30:00+00:00,14.0,4.21,9.21,5.0
2018-01-03 12:35:00+00:00,14.0,4.0,9.2,5.2
2018-01-03 12:40:00+00:00,14.0,3.79,9.2,5.41
2018-01-03 12:45:00+00:00,13.49,3.58,9.19,5.61
2018-01-03 12:50:00+00:00,13.49,3.55,9.2,5.65
2018-01-03 12:55:00+00:00,13.49,3.53,9.22,5.69
2018-01-03 13:00:00+00:00,9.4,3.5,9.23,5.73
2018-01-03 13:05:00+00:00,9.4,3.47,9.22,5.75
2018-01-03 13:10:00+00:00,9.4,3.45,9.22,5.77
2018-01-03 13:15:00+00:00,10.53,3.42,9.22,5.79
2018-01-03 13:20:00+00:00,10.53,3.4,9.18,5.78
2018-01-03 13:25:00+00:00,10.53,3.37,9.15,5.78
2018-01-03 13:30:00+00:00,17.37,3.35,9.11,5.77
2018-01-03 13:35:00+00:00,17.37,3.32,9.1,5.78
2018-01-03 13:40:00+00:00,17.37,3.3,9.08,5.79
2018-01-03 13:45:00+00:00,22.69,3.27,9.07,5.8
2018-01-03 13:50:00+00:00,22.69,3.08,9.05,5.97
2018-01-03 13:55:00+00:00,22.69,2.9,9.03,6.13
2018-01-03 14:00:00+00:00,12.08,2.71,9.02,6.3
2018-01-03 14:05:00+00:00,12.08,2.53,9.01,6.48
2018-01-03 14:10:00+00:00,12.08,2.36,9.01,6.65
2018-01-03 14:15:00+00:00,15.21,2.18,9.0,6.83
2018-01-03 14:20:00+00:00,15.21,2.0,8.99,6.99
2018-01-03 14:25:00+00:00,15.21,1.83,8.98,7.15
2018-01-03 14:30:00+00:00,16.78,1.66,8.96,7.31
2018-01-03 14:35:00+00:00,16.78,1.49,8.97,7.49
2018-01-03 14:40:00+00:00,16.78,1.32,8.98,7.67
2018-01-03 14:45:00+00:00,22.32,1.15,8.99,7.84
2018-01-03 14:50:00+00:00,22.32,1.07,9.03,7.95
2018-01-03 14:55:00+00:00,22.32,1.0,9.06,8.06
2018-01-03 15:00:00+00:00,8.84,0.93,9.1,8.17
2018-01-03 15:05:00+00:00,8.84,0.86,9.12,8.26
2018-01-03 15:10:00+00:00,8.84,0.79,9.14,8.35
2018-01-03 15:15:00+00:00,9.42,0.72,9.16,8.44
2018-01-03 15:20:00+00:00,9.42,0.66,9.19,8.53
2018-01-03 15:25:00+00:00,9.42,0.59,9.22,8.63
2018-01-03 15:30:00+00:00,19.56,0.52,9.25,8.72
2018-01-03 15:35:00+00:00,19.56,0.46,9.29,8.83
2018-01-03 15:40:00+00:00,19.56,0.4,9.33,8.93
2018-01-03 15:45:00+00:00,32.28,0.33,9.37,9.04
2018-01-03 15:50:00+00:00,32.28,0.33,9.4,9.07
2018-01-03 15:55:00+00:00,32.28,0.33,9.43,9.1
2018-01-03 16:00:00+00:00,11.22,0.33,9.46,9.13
2018-01-03 16:05:00+00:00,11.22,0.33,9.46,9.13
2018-01-03 16:10:00+00:00,11.22,0.33,9.47,9.13
2018-01-03 16:15:00+00:00,26.0,0.33,9.47,9.13
2018-01-03 16:20:00+00:00,26.0,0.33,9.47,9.14
2018-01-03 16:25:00+00:00,26.0,0.33,9.48,9.15
2018-01-03 16:30:00+00:00,27.07,0.33,9.49,9.16
2018-01-03 16:35:00+00:00,27.07,0.33,9.49,9.15
2018-01-03 16:40:00+00:00,27.07,0.33,9.48,9.15
2018-01-03 16:45:00+00:00,28.5,0.33,9.48,9.15
2018-01-03 16:50:00+00:00,28.5,0.33,9.45,9.12
2018-01-03 16:55:00+00:00,28.5,0.33,9.42,9.09
2018-01-03 17:00:00+00:00,26.02,0.33,9.4,9.06
2018-01-03 17:05:00+00:00,26.02,0.33,9.37,9.04
2018-01-03 17:10:00+00:00,26.02,0.33,9.34,9.01
2018-01-03 17:15:00+00:00,22.38,0.33,9.31,8.98
2018-01-03 17:20:00+00:00,22.38,0.33,9.29,8.96
2018-01-03 17:25:00+00:00,22.38,0.33,9.27,8.94
2018-01-03 17:30:00+00:00,21.53,0.33,9.25,8.92
2018-01-03 17:35:00+00:00,21.53,0.33,9.21,8.88
2018-01-03 17:40:00+00:00,21.53,0.33,9.17,8.84
2018-01-03 17:45:00+00:00,16.15,0.33,9.14,8.8
2018-01-03 17:50:00+00:00,16.15,0.22,9.05,8.83
2018-01-03 17:55:00+00:00,16.15,0.11,8.96,8.85
2018-01-03 18:00:00+00:00,35.41,0.0,8.87,8.87
2018-01-03 18:05:00+00:00,35.41,0.0,8.83,8.83
2018-01-03 18:10:00+00:00,35.41,0.0,8.8,8.8
2018-01-03 18:15:00+00:00,24.09,0.0,8.76,8.76
2018-01-03 18:20:00+00:00,24.09,0.0,8.73,8.73
2018-01-03 18:25:00+00:00,24.09,0.0,8.7,8.7
2018-01-03 18:30:00+00:00,16.2,0.0,8.66,8.66
2018-01-03 18:35:00+00:00,16.2,0.0,8.63,8.63
2018-01-03 18:40:00+00:00,16.2,0.0,8.6,8.6
2018-01-03 18:45:00+00:00,3.09,0.0,8.56,8.56
2018-01-03 18:50:00+00:00,3.09,0.0,8.52,8.52
2018-01-03 18:55:00+00:00,3.09,0.0,8.48,8.48
2018-01-03 19:00:00+00:00,38.34,0.0,8.44,8.44
2018-01-03 19:05:00+00:00,38.34,0.0,8.38,8.38
2018-01-03 19:10:00+00:00,38.34,0.0,8.32,8.32
2018-01-03 19:15:00+00:00,18.82,0.0,8.27,8.27
2018-01-03 19:20:00+00:00,18.82,0.0,8.23,8.23
2018-01-03 19:25:00+00:00,18.82,0.0,8.2,8.2
2018-01-03 19:30:00+00:00,4.97,0.0,8.17,8.17
2018-01-03 19:35:00+00:00,4.97,0.0,8.15,8.15
2018-01-03 19:40:00+00:00,4.97,0.0,8.13,8.13
2018-01-03 19:45:00+00:00,-8.16,0.0,8.1,8.1
2018-01-03 19:50:00+00:00,-8.16,0.0,8.02,8.02
2018-01-03 19:55:00+00:00,-8.16,0.0,7.93,7.93
2018-01-03 20:00:00+00:00,23.2,0.0,7.85,7.85
2018-01-03 20:05:00+00:00,23.2,0.0,7.8,7.8
2018-01-03 20:10:00+00:00,23.2,0.0,7.75,7.75
2018-01-03 20:15:00+00:00,14.62,0.0,7.7,7.7
2018-01-03 20:20:00+00:00,14.62,0.0,7.66,7.66
2018-01-03 20:25:00+00:00,14.62,0.0,7.62,7.62
2018-01-03 20:30:00+00:00,6.0,0.0,7.57,7.57
2018-01-03 20:35:00+00:00,6.0,0.0,7.54,7.54
2018-01-03 20:40:00+00:00,6.0,0.0,7.51,7.51
2018-01-03 20:45:00+00:00,-6.39,0.0,7.48,7.48
2018-01-03 20:50:00+00:00,-6.39,0.0,7.56,7.56
2018-01-03 20:55:00+00:00,-6.39,0.0,7.65,7.65
2018-01-03 21:00:00+00:00,23.0,0.0,7.73,7.73
2018-01-03 21:05:00+00:00,23.0,0.0,7.7,7.7
2018-01-03 21:10:00+00:00,23.0,0.0,7.68,7.68
2018-01-03 21:15:00+00:00,16.0,0.0,7.65,7.65
2018-01-03 21:20:00+00:00,16.0,0.0,7.6,7.6
2018-01-03 21:25:00+00:00,16.0,0.0,7.54,7.54
2018-01-03 21:30:00+00:00,1.0,0.0,7.49,7.49
2018-01-03 21:35:00+00:00,1.0,0.0,7.44,7.44
2018-01-03 21:40:00+00:00,1.0,0.0,7.39,7.39
2018-01-03 21:45:00+00:00,-15.0,0.0,7.35,7.35
2018-01-03 21:50:00+00:00,-15.0,0.0,7.3,7.3
2018-01-03 21:55:00+00:00,-15.0,0.0,7.26,7.26
2018-01-03 22:00:00+00:00,19.0,0.0,7.22,7.22
2018-01-03 22:05:00+00:00,19.0,0.0,7.17,7.17
2018-01-03 22:10:00+00:00,19.0,0.0,7.13,7.13
2018-01-03 22:15:00+00:00,8.98,0.0,7.08,7.08
2018-01-03 22:20:00+00:00,8.98,0.0,7.06,7.06
2018-01-03 22:25:00+00:00,8.98,0.0,7.04,7.04
2018-01-03 22:30:00+00:00,-9.93,0.0,7.01,7.01
2018-01-03 22:35:00+00:00,-9.93,0.0,6.99,6.99
2018-01-03 22:40:00+00:00,-9.93,0.0,6.97,6.97
2018-01-03 22:45:00+00:00,-32.8,0.0,6.94,6.94
2018-01-03 22:50:00+00:00,-32.8,0.0,6.92,6.92
2018-01-03 22:55:00+00:00,-32.8,0.0,6.9,6.9
2018-01-03 23:00:00+00:00,4.0,0.0,6.88,6.88
2018-01-03 23:05:00+00:00,4.0,0.0,6.85,6.85
2018-01-03 23:10:00+00:00,4.0,0.0,6.82,6.82
2018-01-03 23:15:00+00:00,-12.9,0.0,6.79,6.79
2018-01-03 23:20:00+00:00,-12.9,0.0,6.76,6.76
2018-01-03 23:25:00+00:00,-12.9,0.0,6.73,6.73
2018-01-03 23:30:00+00:00,-20.0,0.0,6.7,6.7
2018-01-03 23:35:00+00:00,-20.0,0.0,6.69,6.69
2018-01-03 23:40:00+00:00,-20.0,0.0,6.67,6.67
2018-01-03 23:45:00+00:00,-43.1,0.0,6.65,6.65
2018-01-03 23:50:00+00:00,-43.1,0.0,6.63,6.63
2018-01-03 23:55:00+00:00,-43.1,0.0,6.61,6.61
